Store,Date,Holiday,Temperature,Fuel_Price,MarkDown1,MarkDown2,MarkDown3,MarkDown4,MarkDown5,CPI,Unemployment,IsHoliday,Weekly_Sales
5,2024-09-29,1,51.95,3.09,2353.74,4554.46,2217.39,4410.9,315.63,229.84,4.3,1,145825.68
4,2024-01-28,0,92.15,2.5,1795.42,4428.34,456.6,582.68,3345.53,206.31,4.12,0,107704.67
1,2023-02-26,1,39.9,3.39,1325.02,234.27,119.19,92.56,1998.66,212.16,9.12,1,380941.08
5,2024-03-31,1,45.56,2.7,3224.54,1011.74,4994.8,2864.6,123.39,239.41,6.07,1,211122.61
2,2023-07-02,0,54.14,3.36,2030.06,1865.96,944.32,405.47,1760.52,189.29,9.69,0,48517.24
5,2024-03-10,0,96.97,3.24,4341.07,3639.49,4962.38,2196.77,2951.13,220.16,5.98,0,386562.58
2,2023-08-06,1,76.44,2.96,4195.68,3664.53,1393.5,2191.99,4458.45,165.83,4.82,1,79784.48
2,2023-04-16,0,61.59,3.31,3192.93,429.56,2524.1,4732.72,1356.51,242.06,5.22,0,257658.94
2,2024-10-13,0,72.68,3.44,2025.03,2855.64,153.5,2698.37,2121.03,245.69,5.74,0,303925.42
2,2023-08-27,1,47.0,3.81,2380.58,565.48,4586.16,1551.23,320.54,189.47,7.96,1,238800.23
2,2023-11-19,0,82.42,2.87,4834.86,4906.23,3032.25,1681.66,667.49,216.09,3.92,0,235241.73
2,2023-01-22,0,52.86,3.86,2543.38,2403.25,1120.27,2250.82,4243.03,239.42,6.46,0,193903.23
3,2023-08-06,1,53.92,2.85,2428.91,2239.03,2175.75,3.54,3309.01,219.22,7.4,1,72703.88
3,2023-04-23,1,58.82,2.55,3367.62,2055.84,968.28,1474.0,4022.07,210.73,5.97,1,195945.78
1,2023-11-05,1,85.76,3.44,4350.8,4836.92,1568.81,4464.9,486.9,235.53,9.13,1,403869.72
4,2024-06-02,0,34.41,3.4,33.58,3672.77,355.75,2683.67,2449.41,169.14,9.73,0,257428.6
1,2023-04-09,0,95.9,3.48,2608.43,2868.96,3623.99,1571.71,4329.9,227.05,8.79,0,131302.94
2,2023-03-05,1,80.49,3.75,2552.79,547.54,1001.2,3093.58,248.47,158.02,8.09,1,62742.15
2,2023-11-12,0,39.83,3.13,4393.86,3294.19,3178.68,1676.61,1685.51,172.66,6.63,0,466736.02
3,2024-10-06,0,34.59,3.38,3678.87,284.99,4583.07,670.46,4355.38,211.14,9.85,0,184159.27
4,2024-12-15,1,64.0,3.93,2982.97,544.4,1465.68,4339.31,2949.45,214.63,8.38,1,235836.08
4,2024-10-13,1,47.81,2.79,1855.38,3882.7,4803.3,1573.9,496.45,214.4,8.68,1,142172.4
1,2024-07-28,1,62.56,3.61,738.92,3794.66,767.86,4639.82,3922.09,228.28,7.4,1,153517.64
2,2024-05-19,0,80.63,3.82,4184.66,504.31,4823.35,1740.34,1247.47,150.99,4.07,0,475601.48
3,2024-11-03,0,62.6,2.83,1932.09,298.34,2632.96,2209.4,2350.67,192.07,3.43,0,470630.18
3,2023-09-03,0,89.07,3.03,1150.31,1899.98,507.17,3909.94,3163.21,195.63,7.53,0,95801.15
2,2024-06-16,0,94.41,3.74,2748.78,2397.96,550.46,1681.16,3988.92,235.64,3.98,0,293592.47
2,2024-09-29,1,56.17,2.91,3333.71,4570.02,2764.56,4156.44,3265.43,249.01,8.63,1,139311.66
5,2024-04-28,1,53.09,2.82,1394.46,962.19,1087.5,826.25,1169.97,183.13,3.98,1,74591.07
4,2023-08-06,1,34.55,2.94,2648.63,1803.76,2623.06,4822.66,1375.48,200.74,3.12,1,318388.29
2,2024-06-09,0,71.63,3.82,4979.08,2219.37,3759.47,2520.4,1840.6,241.95,5.41,0,368057.87
1,2024-07-28,1,53.34,3.79,1896.36,4392.29,1475.74,3911.68,2400.62,208.14,7.24,1,70700.85
2,2023-08-20,0,84.52,3.3,1613.07,261.85,4882.25,4582.45,2327.4,223.94,7.2,0,56604.25
5,2024-07-28,1,62.85,2.97,741.87,1547.34,4504.77,4634.19,1108.42,249.27,6.34,1,223201.21
1,2024-08-11,1,65.99,3.12,3370.18,78.69,2464.46,1158.28,4759.38,206.49,7.81,1,41582.05
4,2024-08-04,1,30.17,2.71,1474.14,4905.11,4838.91,569.21,3105.83,226.56,4.92,1,193892.41
4,2023-12-24,0,79.57,2.96,2772.46,82.02,1207.97,4677.54,1191.58,218.97,6.97,0,246031.42
2,2024-08-25,1,95.32,3.34,3100.7,3916.54,2227.78,1249.25,2441.52,172.67,4.96,1,203329.99
3,2024-06-23,0,82.47,2.92,4542.05,4533.05,226.17,2130.43,2626.09,153.47,4.03,0,327040.97
1,2024-04-14,1,58.31,3.05,1945.16,80.33,2029.65,3134.18,855.58,167.4,3.01,1,346090.13
2,2023-05-21,1,71.58,3.52,317.45,3352.1,3071.47,4480.62,1206.25,174.69,7.04,1,120609.95
5,2023-02-19,1,62.56,2.6,1278.71,371.42,1260.14,3421.59,149.34,237.44,7.66,1,197191.94
2,2024-10-13,0,41.73,3.92,2779.9,4968.09,2834.19,4875.35,1921.84,187.34,4.09,0,330300.52
1,2024-02-25,0,98.06,3.97,4461.42,270.42,606.13,2531.24,4224.77,240.48,5.71,0,436179.7
4,2023-01-29,0,68.21,3.11,2162.2,3400.49,294.65,4122.09,4097.7,188.71,4.58,0,240020.44
4,2023-10-08,1,93.67,3.82,4672.26,449.02,2141.4,406.28,1700.42,247.16,5.32,1,474249.75
1,2023-06-04,0,71.39,3.57,3430.41,2285.4,1974.49,4385.21,801.42,161.19,6.85,0,401260.56
5,2024-02-11,1,40.65,3.93,1788.02,2509.4,471.2,4413.98,1088.04,164.51,8.66,1,381381.16
3,2023-08-20,1,35.69,3.73,3434.58,4638.64,900.35,598.8,4073.63,199.87,5.24,1,368831.4
4,2023-10-08,0,52.55,2.9,1260.1,1953.33,4123.36,1529.81,756.56,169.51,5.86,0,141594.02
4,2024-03-24,0,88.25,3.08,1594.76,568.09,3808.14,1470.32,3520.23,157.38,9.4,0,57183.5
1,2024-07-28,1,72.0,2.62,3776.57,3180.8,4445.57,2445.87,3443.65,190.85,3.57,1,345100.94
2,2023-08-27,0,98.25,3.32,1758.38,4487.92,3548.54,2467.4,637.53,240.01,9.87,0,278100.25
2,2024-11-24,0,72.43,3.86,3543.96,4347.8,4941.13,3493.25,722.23,160.35,7.12,0,384917.92
3,2024-07-21,1,62.95,3.71,3212.63,4878.19,2835.96,62.86,4599.03,167.64,8.11,1,394804.83
5,2024-08-25,1,92.13,3.4,3556.18,2561.14,3081.49,1838.41,944.13,160.15,5.1,1,22189.57
1,2024-03-03,0,46.0,3.47,3613.34,2523.83,2077.13,736.53,4514.33,194.67,3.16,0,229192.46
4,2024-10-27,1,89.26,3.37,4189.29,3451.26,3980.92,4851.3,830.6,244.49,6.12,1,117741.46
3,2023-11-12,0,92.36,3.93,4757.47,3982.87,3897.74,2906.51,146.02,180.22,3.02,0,385162.27
2,2024-09-08,1,64.84,3.89,1048.05,3763.8,2141.44,3703.75,2996.81,156.85,6.97,1,171870.25
5,2023-11-26,1,53.28,3.73,2787.19,3423.04,3973.53,3039.29,722.67,238.74,5.84,1,103438.4
1,2023-04-16,1,84.38,3.97,3185.55,2935.55,4112.64,838.22,3863.62,179.98,5.85,1,409669.51
3,2023-05-28,0,46.93,3.7,2164.82,4964.93,3490.19,1887.29,4709.67,221.91,9.76,0,453531.28
1,2024-04-21,1,83.63,3.0,2706.82,180.11,4611.51,3978.95,3737.61,230.15,7.48,1,87972.17
5,2023-01-15,1,95.41,2.58,2894.1,2690.04,3763.01,890.52,1247.28,200.31,3.97,1,87802.84
1,2024-07-14,0,35.29,3.72,4821.7,4292.78,3338.09,3902.65,4921.85,182.06,8.49,0,274381.85
5,2024-07-21,0,88.05,3.4,1449.79,1783.89,324.13,392.34,330.93,231.98,4.08,0,182246.09
3,2024-10-27,1,86.68,3.58,126.27,4742.63,2757.3,2004.3,3769.42,155.91,9.7,1,455303.76
2,2024-07-28,1,44.85,3.78,1369.03,1078.26,1528.62,4566.61,3859.69,191.85,4.38,1,50741.82
3,2024-08-18,0,79.07,3.07,1619.92,2852.34,4784.16,1066.1,3299.56,189.8,3.86,0,379409.12
2,2023-01-22,0,91.43,3.21,3530.1,3579.55,212.48,1115.14,2647.08,160.87,8.98,0,170040.39
2,2023-06-04,1,31.17,2.79,2717.71,2434.85,2894.35,3616.07,760.97,213.5,3.58,1,195410.41
1,2024-01-14,0,94.92,2.93,590.81,726.7,4513.74,227.15,2259.06,221.37,7.1,0,338661.43
5,2023-08-13,1,47.01,2.93,4255.77,664.44,4733.46,841.04,145.73,168.29,4.59,1,242741.95
4,2024-07-14,0,54.04,3.29,2189.08,4505.1,3274.61,3654.07,1282.64,203.71,8.56,0,273100.42
1,2024-07-07,0,56.92,2.75,4378.49,326.63,2327.5,2060.3,3853.23,207.78,4.55,0,79761.0
1,2023-01-15,1,97.46,3.22,553.75,94.52,590.91,3364.11,3530.76,228.89,7.34,1,447105.06
5,2023-09-03,1,98.28,3.14,4645.36,2681.69,4276.75,2636.44,2317.04,233.98,8.46,1,346710.61
4,2024-05-26,0,41.89,3.89,1462.48,48.06,4584.54,1374.35,2168.18,239.37,3.67,0,129537.79
1,2024-06-23,0,81.02,3.19,2129.44,2968.97,62.55,2859.01,3771.12,152.44,7.76,0,450944.72
2,2024-11-24,1,31.67,3.97,1292.07,4806.01,1926.13,4895.92,3133.44,215.18,7.0,1,321670.1
1,2024-09-08,0,94.45,3.82,4016.51,862.69,1431.91,4683.31,4934.95,227.68,5.46,0,207149.21
5,2023-01-22,1,86.1,3.4,231.13,165.34,4707.1,4709.77,1946.28,231.14,6.86,1,360009.67
1,2024-04-14,1,42.6,3.49,4096.98,2669.5,3340.15,2414.07,1386.42,216.45,9.78,1,35205.9
2,2023-05-28,0,84.38,2.88,1073.99,4002.92,1686.35,1470.46,997.16,228.42,7.48,0,458464.18
2,2023-02-05,0,50.06,3.64,2018.98,4548.52,1517.79,375.36,2473.58,206.77,6.56,0,100152.13
5,2023-03-05,0,82.53,3.32,2200.89,1616.36,3220.36,1978.75,1850.45,175.68,7.17,0,99193.56
5,2023-11-26,1,41.65,3.71,1540.81,1170.62,2954.34,2053.94,984.76,206.09,7.46,1,406388.93
3,2023-05-21,0,57.43,3.96,1067.15,1617.54,4407.03,764.56,1093.32,219.56,6.3,0,38032.47
5,2024-04-21,0,63.67,3.11,525.11,3353.29,4544.59,734.7,3624.13,165.8,8.73,0,389876.65
3,2024-11-10,1,50.3,2.77,3481.56,1549.39,2519.42,3670.05,779.43,181.05,6.46,1,482634.02
2,2024-10-13,0,74.72,2.56,517.15,4293.33,140.37,2165.04,3961.21,218.18,9.43,0,60740.35
1,2024-07-28,0,54.54,2.68,377.9,3592.17,3105.6,759.6,3393.9,181.96,3.71,0,118714.45
3,2023-09-03,1,95.39,3.43,59.51,2296.27,970.42,3376.2,3009.27,161.14,5.13,1,103771.96
4,2024-05-26,1,75.3,3.67,1195.14,4481.92,1824.81,4623.06,4789.45,226.19,4.08,1,87549.5
5,2024-08-11,1,67.75,3.34,4277.32,4347.22,3793.95,1971.4,3809.28,198.93,8.78,1,499336.85
4,2024-05-19,1,62.59,3.38,3158.1,774.95,4418.02,352.88,3623.03,226.81,8.65,1,302950.75
1,2023-03-12,0,44.04,2.68,345.55,2461.98,4402.35,4591.14,3935.9,192.4,4.55,0,477552.5
3,2023-07-30,1,61.9,3.43,4385.62,4243.86,2777.14,2027.38,1299.85,192.65,5.15,1,133072.22
5,2023-11-19,0,60.2,3.94,1710.92,205.46,2841.57,4026.39,1514.96,221.84,4.71,0,92004.51
3,2023-09-17,1,53.96,3.93,2621.51,4967.75,1377.41,4622.59,2647.93,233.53,9.49,1,60343.02
3,2024-09-22,1,91.25,3.6,3513.45,404.9,2930.02,1481.32,356.17,249.37,5.98,1,414142.72
5,2023-02-19,1,30.85,3.84,4698.65,279.93,745.54,4117.36,1844.4,161.86,8.96,1,237012.55
2,2024-03-03,0,57.03,2.8,1167.35,4164.82,2786.05,3551.22,3259.67,230.8,8.39,0,442004.96
3,2023-09-24,0,61.5,3.15,4193.61,3124.23,3991.85,4407.27,1540.69,186.23,6.75,0,398526.59
3,2023-07-02,0,55.09,3.33,2974.71,2061.79,4992.54,1290.76,2336.81,157.19,8.34,0,346233.31
2,2024-12-22,1,51.22,3.93,3707.88,3817.72,148.0,4397.04,3024.85,153.69,5.18,1,330660.31
1,2024-08-18,0,78.71,2.79,362.77,4891.41,2521.46,4183.83,3962.39,176.15,5.24,0,43647.32
2,2024-08-18,1,86.87,3.69,3963.08,2404.78,4786.13,3016.16,2996.1,190.25,6.74,1,80729.47
4,2024-10-27,1,69.47,3.22,3607.22,2177.0,4280.26,4715.02,888.11,239.39,7.56,1,425357.33
5,2024-04-28,0,39.74,3.21,107.66,4904.55,543.83,183.53,923.24,170.12,9.94,0,483620.88
5,2024-10-06,0,65.62,3.82,3846.16,4391.34,3768.37,4349.06,565.48,198.05,6.53,0,160310.58
5,2024-11-17,1,39.41,3.12,1180.5,2048.35,2029.07,4678.98,1688.61,219.97,5.47,1,274680.42
3,2023-03-12,1,90.79,3.82,3562.35,779.8,3476.64,4476.07,4002.88,176.91,6.82,1,290945.07
2,2023-10-15,1,86.6,4.0,438.61,760.99,1587.25,3627.46,4294.43,191.29,8.48,1,264152.56
5,2023-02-26,0,31.3,3.32,1068.33,2478.79,2471.62,4313.3,4195.21,163.96,6.41,0,136561.42
5,2024-10-13,1,69.66,3.75,4727.72,932.6,430.29,3541.51,3721.76,241.18,8.98,1,99574.82
4,2024-10-13,0,65.21,2.81,2877.72,3631.15,322.73,1967.82,1823.34,159.91,4.65,0,286535.03
5,2024-12-08,1,68.45,2.81,4451.94,403.19,1271.8,4737.89,4916.62,168.59,9.27,1,430133.76
4,2024-05-26,1,85.18,3.82,4974.22,2456.47,1139.39,3173.0,3854.9,204.35,5.75,1,271268.23
2,2024-12-29,1,88.43,2.7,2902.03,3442.42,2821.91,4677.75,3530.02,205.23,3.27,1,286385.77
4,2023-10-15,1,52.36,3.28,1599.18,523.94,26.17,4195.33,3651.23,227.08,3.05,1,458567.11
5,2024-02-04,1,65.77,3.38,2978.94,2372.5,4306.73,4310.65,1253.92,184.73,6.05,1,470417.99
4,2023-07-23,1,43.93,3.5,1062.79,1387.04,3976.95,4161.95,4219.8,221.27,5.27,1,318389.73
2,2024-04-07,0,42.78,3.34,195.51,93.96,163.83,2122.85,4711.8,200.86,3.87,0,75924.73
5,2024-09-01,0,68.03,3.09,481.79,3912.07,2327.71,388.23,4041.15,155.16,5.78,0,300672.29
4,2024-04-07,1,49.41,3.95,3311.15,3532.72,2969.94,2464.2,4182.54,193.67,9.08,1,134661.72
2,2023-03-26,1,98.29,3.89,1166.66,1412.15,1065.27,4331.28,2766.99,246.56,9.44,1,302494.36
3,2024-02-11,0,99.52,2.68,3146.82,4662.78,3223.4,4921.54,2828.2,165.27,6.43,0,499910.62
3,2023-01-29,0,83.78,3.04,2828.43,1140.34,2501.39,3836.87,1656.63,185.06,7.2,0,150374.36
5,2023-05-28,0,38.32,3.33,1177.63,1116.8,4980.74,4261.06,4543.65,205.09,9.77,0,360116.28
2,2023-03-19,1,72.92,3.64,4880.13,1053.88,1158.27,2436.66,513.46,168.48,5.98,1,107100.66
1,2024-12-01,1,80.35,3.89,3017.02,3613.11,2184.5,2748.32,318.33,225.07,8.63,1,62464.26
4,2024-07-14,0,79.46,3.49,144.63,950.31,11.28,1176.26,423.71,223.26,3.53,0,251479.89
4,2024-11-17,1,94.76,3.31,4873.76,1061.91,4538.12,1142.26,3359.7,236.36,7.76,1,169836.02
2,2023-07-23,1,45.86,3.35,3406.59,2287.98,273.57,3949.38,2070.83,215.31,5.48,1,61626.77
1,2024-12-29,0,35.79,2.65,4109.76,2893.92,3770.2,1445.2,66.13,246.62,5.98,0,105702.61
2,2024-10-27,1,39.92,3.62,1572.68,1474.07,3931.24,4029.54,3612.85,228.17,4.8,1,169482.12
1,2024-09-15,0,47.31,3.85,1544.61,2222.05,130.33,4912.29,270.49,162.41,8.21,0,359689.02
3,2024-09-01,1,48.44,2.65,2195.21,104.94,4812.09,1071.02,2211.69,152.98,5.69,1,213758.36
1,2024-09-01,1,59.98,3.31,1293.99,4505.65,2698.04,1063.71,4478.63,215.73,6.7,1,96938.16
2,2023-07-09,0,52.55,3.96,4261.82,2649.37,2433.73,2582.24,3184.39,217.61,4.9,0,458598.71
3,2023-09-03,0,64.26,2.8,622.62,3701.32,2385.97,965.02,3791.98,153.73,7.02,0,373945.52
4,2024-10-27,1,55.71,3.45,2308.98,3426.54,3781.18,1527.94,3172.64,240.1,6.12,1,438328.94
2,2023-03-05,0,53.03,3.39,1385.24,3047.65,2682.09,1859.9,1786.8,159.68,8.36,0,482993.95
4,2024-10-27,1,85.11,3.65,3101.55,1107.65,2322.32,2114.74,86.55,194.66,7.7,1,201410.99
2,2023-02-12,1,38.03,3.74,4584.0,3092.69,4169.64,973.01,4472.62,209.5,3.63,1,480922.2
4,2024-02-11,1,92.64,2.53,403.09,4844.2,493.3,3936.42,2221.11,157.32,8.82,1,210873.25
2,2024-12-08,1,39.52,3.75,1718.6,2560.48,668.89,3959.08,2727.97,153.63,8.29,1,150122.65
1,2023-03-12,1,39.15,2.8,4569.02,465.4,2039.76,1310.61,1853.91,168.29,9.88,1,380908.51
1,2024-10-27,1,59.27,3.49,420.04,1537.32,4144.74,1861.39,2923.37,241.37,8.02,1,294950.08
2,2024-08-04,0,49.38,3.98,2658.33,618.25,278.35,3025.85,2194.19,204.24,7.33,0,325189.32
4,2023-11-12,0,89.88,2.6,378.96,693.25,1488.43,2826.62,4524.98,240.53,8.72,0,304774.58
1,2023-10-29,0,70.72,3.17,4360.23,4693.38,3776.61,2131.05,2108.66,240.18,6.46,0,359978.93
4,2024-09-08,1,41.91,3.83,3926.11,1601.46,2307.93,1308.61,954.14,195.81,5.91,1,130125.53
3,2024-02-18,0,85.49,3.97,2612.08,4643.06,3141.89,2435.7,3970.53,225.57,8.24,0,400334.35
3,2024-08-18,1,53.24,3.27,3539.18,1242.27,4470.66,1199.77,1809.19,170.55,7.34,1,221775.14
1,2023-10-29,1,69.88,2.93,440.64,3886.71,2229.34,221.58,310.73,239.9,4.46,1,42967.5
4,2024-06-23,1,90.55,3.32,3517.53,1018.46,3574.09,222.01,4078.09,231.75,6.87,1,330119.15
1,2024-12-15,0,98.0,3.4,2250.37,3698.42,467.45,216.93,3456.1,208.44,8.55,0,84022.43
1,2024-04-28,0,74.63,3.22,2009.37,1720.18,1742.81,4703.11,3075.18,222.97,5.87,0,193387.38
5,2023-07-23,1,31.93,2.77,1033.2,2263.08,2227.88,843.85,2171.84,236.66,5.42,1,72729.22
2,2024-12-22,1,94.05,2.9,3045.89,4417.04,997.05,603.56,763.29,158.93,7.86,1,487915.52
4,2024-12-01,0,85.98,2.68,3581.71,1315.22,4656.47,4564.22,3265.39,163.05,7.35,0,236192.88
4,2024-03-10,1,33.54,2.67,3764.86,293.18,3325.45,4564.65,2432.16,152.78,7.29,1,466447.87
3,2023-03-19,1,38.59,3.6,1280.36,1743.56,1916.03,1105.3,3292.82,191.34,7.59,1,212220.11
2,2024-01-14,1,42.17,3.64,3472.59,2.93,3087.18,2658.9,4546.8,231.62,3.27,1,34238.98
4,2024-11-03,0,31.35,3.68,3427.31,4070.4,4292.23,1721.04,854.66,189.51,8.22,0,471268.79
3,2024-01-14,1,31.36,2.86,854.84,2810.13,282.93,2989.38,891.77,155.02,9.09,1,86142.15
2,2024-06-16,1,38.3,3.91,4522.48,828.01,4748.9,2880.3,77.69,172.37,4.79,1,113374.15
1,2024-09-29,1,40.33,3.28,3011.0,2823.05,4593.58,4287.4,3326.85,240.46,7.11,1,287537.02
5,2023-04-02,0,62.95,3.22,2628.01,2842.95,4930.62,3152.87,2252.79,241.62,5.39,0,235241.54
3,2023-06-25,1,64.03,3.79,3151.41,3157.4,2465.96,4358.28,772.05,171.45,5.53,1,117202.79
5,2023-02-26,0,73.46,3.95,3326.42,3253.87,3119.04,3111.48,2772.17,225.49,6.29,0,179986.43
5,2024-01-14,1,66.69,3.75,4022.09,286.88,3656.63,792.18,1095.84,181.91,8.85,1,257185.88
1,2023-01-22,0,59.49,2.73,90.02,1453.47,4748.16,2719.62,1210.42,156.13,7.74,0,175792.74
2,2023-02-26,1,56.05,2.96,4683.49,3266.92,3568.46,4389.38,1638.56,240.65,3.58,1,140177.59
3,2024-01-21,1,65.37,3.67,3759.11,3949.76,4523.78,97.14,4858.79,231.91,6.87,1,51311.36
5,2023-04-16,1,58.44,3.35,962.19,3861.63,3276.56,3883.77,4458.99,227.34,6.97,1,173740.2
4,2024-08-25,0,75.36,2.97,1346.73,1347.29,4839.7,4316.93,2376.77,153.77,8.32,0,88414.45
5,2023-09-03,1,92.36,3.74,3557.37,517.92,1931.54,1252.97,2873.45,173.67,5.55,1,264737.03
5,2023-04-16,0,88.07,3.53,2019.29,3895.77,154.9,109.39,2358.36,247.45,5.25,0,103279.21
1,2024-06-30,0,98.3,2.94,4870.3,3198.4,666.07,437.91,4851.53,242.3,6.28,0,46267.36
2,2024-04-07,0,95.72,3.59,3590.26,3034.76,112.36,2269.91,3198.4,215.9,9.73,0,483071.89
3,2024-03-31,1,34.82,2.54,4046.19,1284.12,3998.92,2168.01,2050.39,150.92,7.13,1,338118.38
1,2024-02-25,0,74.72,3.32,3050.56,1697.47,209.74,1533.46,797.47,158.23,6.26,0,248002.03
5,2023-06-11,1,81.95,3.69,132.76,3430.01,4190.51,4370.57,229.57,233.13,8.49,1,262594.06
2,2023-01-29,1,42.53,2.65,2384.0,2358.52,1194.54,3659.74,3234.2,244.85,6.85,1,304836.64
5,2023-12-03,1,41.69,3.28,4947.59,3266.52,2291.69,2233.92,1437.82,222.25,4.18,1,196961.49
2,2023-06-25,0,47.68,3.6,225.74,1196.81,2536.25,2319.58,1487.38,172.04,3.49,0,72886.66
5,2024-10-06,0,30.15,2.91,3369.49,3395.85,1508.08,154.71,879.92,205.05,7.14,0,409021.59
5,2024-06-09,1,98.74,2.99,2888.13,4186.67,1964.26,2126.38,2955.42,161.09,8.31,1,310790.55
3,2024-10-06,1,75.5,3.33,4642.62,4682.78,4576.38,4480.77,1387.61,229.17,3.87,1,241657.85
4,2024-10-20,1,88.7,3.96,4154.18,4027.13,4691.76,544.78,2537.42,230.46,7.58,1,198978.62
1,2023-05-07,0,43.97,3.28,4826.19,3431.67,1224.81,2106.6,4940.73,166.75,7.63,0,190876.98
4,2023-07-30,0,89.41,2.82,800.68,2770.15,4918.1,1136.96,3203.19,205.58,4.03,0,45839.28
2,2023-02-05,1,88.54,3.98,3539.0,1535.84,4592.83,4901.46,2156.26,219.36,8.84,1,323924.31
4,2023-11-19,1,39.15,2.8,495.68,2879.76,709.25,1554.05,702.21,162.15,7.5,1,449710.12
1,2023-05-07,1,98.25,2.61,324.73,3165.07,3321.69,1618.42,447.25,198.73,5.29,1,114149.0
1,2023-01-22,1,88.42,3.63,1954.19,4739.56,703.03,2146.61,1754.53,171.05,3.38,1,132465.76
5,2024-03-17,0,68.92,2.55,1628.56,2195.94,116.72,2399.24,2715.05,171.75,5.64,0,393279.3
3,2024-09-15,0,39.56,3.72,3331.75,4985.69,1491.97,3636.51,4466.17,186.82,3.47,0,210143.02
4,2023-07-23,1,52.58,3.09,4668.84,3881.23,3364.39,2231.08,2091.06,217.74,5.11,1,102697.55
3,2024-09-01,1,50.12,3.98,3033.17,4576.27,1318.59,3779.97,117.79,177.64,8.59,1,343961.14
5,2024-04-28,0,76.12,3.71,1788.19,1979.01,3866.68,3798.02,1571.79,184.04,9.25,0,75633.37
4,2023-11-05,1,72.31,3.69,3848.38,2403.0,3838.0,3641.88,3622.13,246.87,7.04,1,105841.0
2,2024-06-09,1,66.34,2.69,2196.55,926.83,4875.11,841.84,685.89,249.94,8.61,1,340965.53
2,2023-12-31,0,85.97,3.92,4142.78,1160.12,563.22,917.73,1775.78,239.42,6.3,0,198500.47
2,2024-03-24,0,82.96,3.56,3044.36,2111.1,2796.17,4085.26,2910.28,222.44,6.76,0,132929.77
4,2023-08-20,0,78.04,3.68,4741.12,1674.68,2122.68,3634.15,4058.82,170.45,3.63,0,325632.96
3,2024-06-09,0,44.89,3.81,328.8,3225.86,803.76,1753.42,716.86,229.12,7.27,0,442988.66
5,2024-12-08,1,67.82,3.8,4448.62,2752.54,850.84,1806.36,1335.1,177.15,3.13,1,98469.88
4,2024-06-30,1,65.06,3.44,1393.48,3844.68,4552.46,2833.73,3794.14,215.12,3.56,1,497182.71
2,2024-01-14,1,96.54,3.38,2369.57,2412.28,2479.98,1943.41,549.59,169.56,3.97,1,424230.85
5,2024-05-12,1,73.69,3.13,3730.26,2466.16,4721.41,611.3,620.61,174.79,4.65,1,448104.05
3,2023-12-31,0,54.54,2.57,2321.35,2434.04,3297.09,1915.23,2301.81,172.54,3.25,0,216008.94
2,2024-06-09,1,88.51,3.5,2332.36,2727.3,3010.74,2186.17,718.59,214.04,9.58,1,200735.72
4,2024-09-08,0,97.85,2.57,188.96,4222.39,1072.51,1434.25,230.17,202.17,6.36,0,153544.56
5,2023-03-26,1,38.96,3.67,4053.58,609.81,3576.54,1154.54,2828.97,163.98,7.79,1,99488.62
2,2024-06-16,1,37.77,3.72,4622.77,1504.03,700.23,3187.76,2059.37,209.06,4.87,1,280004.02
5,2024-09-08,1,54.46,2.87,4549.31,1390.33,580.88,4758.44,776.6,162.78,5.64,1,438866.87
5,2024-05-26,1,71.21,3.28,2811.54,1353.79,4888.14,2221.65,2449.81,240.6,3.64,1,111479.45
2,2024-07-14,0,54.29,3.81,4074.96,754.84,652.67,763.87,2115.38,196.44,4.73,0,479208.85
1,2023-04-09,0,99.32,2.89,3265.97,2047.74,4265.35,820.29,1502.27,180.6,6.3,0,108946.77
5,2024-01-21,1,48.88,2.85,3183.53,2730.08,1219.54,1610.11,3113.59,153.65,3.41,1,59329.84
2,2024-07-07,0,76.73,3.15,4179.44,4935.04,673.33,4604.08,3369.91,244.64,4.21,0,448310.99
4,2023-06-25,0,46.52,2.8,3979.29,4986.3,1242.98,1725.27,2397.75,237.84,5.77,0,350779.12
3,2024-07-28,1,72.0,2.85,3559.81,4800.37,2788.47,2160.9,4607.92,214.52,3.81,1,496726.94
3,2023-12-03,0,83.9,2.66,4615.66,3566.82,1674.02,812.41,891.38,158.26,6.39,0,242468.44
2,2023-06-11,1,95.01,3.38,4715.09,268.73,3656.04,136.13,2828.4,237.74,6.32,1,278696.01
4,2023-08-13,0,70.2,2.5,1531.87,4419.09,4058.23,4028.34,1471.56,216.67,3.21,0,455018.66
2,2024-12-22,1,42.43,3.56,715.04,645.5,728.73,4796.84,530.03,180.17,9.49,1,167088.13
5,2024-02-04,1,74.36,3.77,2943.68,2309.11,491.57,771.53,1698.75,166.49,9.21,1,170502.26
3,2023-12-31,1,54.39,2.78,3482.45,4357.05,4039.88,2880.37,4801.63,156.61,3.03,1,271074.86
5,2023-01-01,1,71.49,2.61,2212.13,2835.12,2391.5,1481.64,4727.23,212.9,7.55,1,112519.7
1,2023-01-01,0,67.44,2.7,2053.24,1507.91,1886.65,2358.45,2834.26,212.18,4.96,0,452789.31
5,2023-07-23,0,48.27,2.82,2935.47,794.57,419.8,4684.55,703.94,208.88,8.05,0,337599.05
3,2024-12-15,1,39.61,2.6,3493.36,1443.49,2659.66,138.1,2891.91,240.3,9.44,1,238516.81
1,2023-04-30,0,70.61,3.31,4313.0,4987.95,3322.11,4536.82,3952.95,170.66,9.59,0,329216.12
3,2023-03-26,1,75.49,3.62,3286.43,3155.65,3499.13,1342.98,716.94,168.98,5.37,1,220474.15
3,2023-11-26,1,65.13,3.26,1317.68,4636.4,219.97,1481.81,4928.7,207.42,5.19,1,440236.62
1,2023-05-14,1,82.12,3.0,623.3,4788.63,273.24,1570.02,4924.4,239.85,4.24,1,343477.06
1,2024-04-07,0,46.43,2.83,3788.94,4083.66,2249.18,2499.76,3458.94,240.3,7.07,0,346657.39
3,2024-08-25,1,56.46,3.54,4088.88,1162.92,525.63,2955.97,3778.03,151.27,6.21,1,137558.87
4,2023-06-11,1,91.42,2.5,4475.47,1104.24,4659.05,2450.99,254.01,159.14,4.92,1,155069.95
3,2024-02-11,1,78.26,2.94,4060.58,2706.7,4515.65,3944.0,649.29,197.86,4.31,1,103278.34
5,2023-05-21,1,56.97,3.68,2825.78,3901.15,3495.72,667.09,3937.22,198.72,7.77,1,417286.3
2,2023-01-01,0,53.26,2.83,4354.71,4196.93,1768.01,4528.7,3333.84,181.16,5.44,0,491367.25
4,2024-11-24,1,46.61,2.84,2549.55,1158.29,3798.92,4900.17,945.56,196.42,4.1,1,215844.89
5,2023-12-24,1,56.12,2.71,599.73,2334.53,989.85,2595.65,153.64,162.25,3.52,1,82041.62
4,2024-06-09,1,55.11,3.0,4063.25,219.63,2087.4,304.95,743.97,155.81,6.49,1,298027.21
3,2024-12-15,0,75.11,3.93,3680.49,2040.13,4729.55,4236.82,2731.31,229.06,4.89,0,432625.44
2,2023-01-29,0,49.96,3.31,4423.55,402.54,1293.24,2084.26,2285.7,181.56,7.67,0,104514.13
1,2023-12-17,1,95.9,3.42,3942.11,4385.86,2116.5,86.61,2565.51,249.98,4.69,1,211922.92
2,2024-06-23,0,79.15,3.76,828.14,2415.34,492.79,3659.42,2373.46,249.68,7.89,0,319396.01
4,2024-02-04,1,97.57,2.53,2628.65,3648.05,4425.36,831.19,4167.5,238.67,8.1,1,414958.45
2,2024-08-04,1,35.83,2.74,3839.52,952.83,298.61,194.91,1988.3,156.97,5.76,1,64593.45
5,2023-05-28,0,34.89,3.01,457.35,3160.21,4959.29,505.69,2269.03,165.66,8.53,0,178389.97
3,2024-02-04,1,74.79,3.69,4733.83,4557.66,2193.12,2563.26,2440.23,167.83,3.25,1,44662.32
4,2023-04-02,1,45.77,2.8,806.88,2208.42,645.82,1200.04,4184.32,248.37,3.74,1,261564.4
2,2023-03-12,0,47.46,3.84,2098.87,1797.52,2412.81,3059.59,3834.36,203.41,5.51,0,255417.86
2,2023-12-17,0,33.4,3.71,2435.33,679.02,63.44,803.86,3360.93,186.32,3.58,0,392583.52
4,2024-03-31,0,50.63,2.72,1259.16,852.41,4507.32,934.64,1022.99,174.63,5.32,0,261948.4
3,2024-04-07,0,83.16,3.44,4027.65,1388.26,378.78,2790.1,1700.87,222.41,6.58,0,59252.25
1,2024-04-28,0,85.5,2.58,1451.36,2113.08,3581.78,951.92,999.86,196.2,6.25,0,316844.92
4,2024-08-25,0,54.94,2.6,4647.38,1368.69,1329.25,1308.45,3469.26,239.91,4.33,0,304702.16
3,2023-05-14,0,34.59,2.77,3065.65,4643.84,2604.13,3905.92,3866.22,155.66,9.97,0,140049.68
1,2023-06-25,0,76.45,2.92,1160.06,574.99,1416.73,3933.54,3481.87,230.5,4.44,0,22536.58
1,2023-03-19,0,80.99,2.55,2372.17,3811.62,1779.86,972.72,2379.17,150.91,8.59,0,34949.71
5,2023-10-01,1,36.86,3.87,4047.17,865.37,4265.3,3128.73,459.81,195.92,3.42,1,427261.98
4,2023-01-15,1,62.7,2.55,4283.35,1516.44,1852.36,1364.76,629.97,230.94,4.1,1,437846.78
5,2024-03-17,1,44.35,2.92,1463.81,4885.01,102.83,3504.09,294.64,221.7,6.19,1,121405.64
3,2024-10-06,1,61.62,3.1,3346.0,1934.22,4561.93,4769.38,528.24,200.59,6.91,1,168355.47
2,2023-02-12,0,48.0,2.83,74.13,3049.78,4104.35,3953.39,4330.97,191.48,8.54,0,355005.92
4,2023-08-20,0,74.17,4.0,2555.63,954.68,188.18,4757.63,2889.12,159.1,4.26,0,249404.42
2,2023-11-19,0,82.76,3.72,2690.84,1051.46,3183.49,309.96,3700.48,211.88,8.64,0,356665.72
1,2024-09-29,1,88.14,3.45,2619.17,1123.56,2404.44,3340.39,4519.46,233.35,7.46,1,53680.5
2,2024-08-25,1,69.39,3.49,1169.13,2004.31,3453.86,4569.27,4185.48,166.61,5.37,1,323157.96
5,2023-07-23,1,93.73,3.17,3179.72,2711.94,1670.58,1162.79,1039.35,176.23,3.14,1,44354.48
5,2023-08-27,1,66.53,2.97,611.45,3987.91,4723.27,60.06,4886.95,217.69,5.55,1,162327.01
1,2024-06-23,0,55.56,3.93,3177.9,490.26,4353.0,3513.97,1235.7,171.38,5.24,0,371013.99
4,2024-07-07,0,91.06,3.43,282.18,4353.47,4735.32,681.65,2284.43,248.01,6.02,0,393615.48
5,2024-12-22,0,92.92,2.81,269.9,847.69,2576.8,269.21,3602.1,166.42,4.63,0,265609.51
1,2023-10-22,0,46.03,3.04,4907.37,838.05,3723.56,4382.11,2160.47,223.28,7.56,0,192072.67
5,2024-12-08,0,80.43,3.11,2927.41,4535.03,4095.92,3003.17,3686.12,180.71,3.58,0,452582.63
4,2023-11-19,1,69.76,3.42,2670.31,1839.47,2373.59,546.85,861.56,232.62,4.66,1,462799.48
3,2023-09-17,0,44.86,3.53,3426.9,2204.72,965.95,1654.3,4371.85,165.41,3.77,0,174297.31
1,2023-09-17,1,54.8,3.4,1993.22,4970.68,1358.12,4888.79,2941.05,228.12,5.26,1,369972.27
4,2023-11-26,0,81.38,3.8,4781.68,1502.39,2975.19,2667.87,2050.58,228.54,5.51,0,31185.59
2,2024-03-03,0,43.41,3.38,4069.29,983.52,761.75,3831.97,624.09,170.81,4.56,0,83791.53
5,2024-02-18,0,83.46,2.56,504.18,3992.58,4164.49,1512.61,918.93,241.6,3.21,0,417437.36
3,2023-04-23,0,87.96,3.1,1277.6,259.1,31.86,2090.47,1565.96,206.56,4.01,0,345025.36
4,2023-07-09,1,55.49,2.84,4221.65,814.28,2524.25,394.82,3063.38,245.99,5.31,1,367426.8
1,2024-12-22,1,37.09,3.53,2451.51,2829.44,2288.13,3832.85,881.86,213.68,3.49,1,94150.7
2,2024-01-14,1,42.47,2.75,272.87,2698.18,2838.53,2095.96,4704.4,158.9,9.74,1,414014.86
1,2024-12-15,1,97.76,3.33,242.53,2486.56,3072.41,859.73,1843.47,179.58,7.1,1,222013.28
3,2024-08-04,0,64.93,3.7,4743.05,3280.13,192.47,1786.73,1356.99,209.25,6.24,0,429493.06
2,2024-01-07,1,70.79,2.88,2569.26,4597.87,4532.94,2008.12,420.61,247.09,5.09,1,207041.89
4,2023-11-26,1,91.66,2.77,4321.33,2440.71,4568.04,1616.2,1089.31,173.61,3.04,1,226773.63
5,2023-03-19,0,38.19,3.81,429.13,4299.91,63.88,2881.14,619.89,168.59,7.51,0,117537.98
1,2024-05-26,1,99.59,3.81,3847.99,1263.2,1330.69,3755.1,3820.16,217.24,3.78,1,323535.44
5,2024-05-26,1,38.35,2.61,4622.65,2811.84,1557.21,38.0,2921.65,248.69,6.27,1,286547.64
2,2024-06-23,1,39.5,3.9,4324.61,1898.37,2949.15,2827.76,4062.63,223.94,6.19,1,416919.71
3,2023-08-20,1,62.05,3.02,4824.85,3896.79,1954.76,2266.73,1139.85,151.69,7.43,1,435963.98
5,2023-12-03,0,91.52,3.93,1345.81,4367.41,3788.31,2804.87,3867.94,161.17,4.27,0,321229.32
1,2023-07-16,0,41.48,3.54,2661.61,3195.92,1195.89,688.5,1904.82,200.43,5.38,0,444275.14
2,2024-09-08,0,34.86,3.94,458.71,565.42,780.86,81.88,311.76,171.97,4.82,0,61323.06
4,2023-01-01,0,55.45,3.39,2728.85,4900.84,1602.08,4422.57,1687.69,207.69,5.0,0,456765.05
3,2024-04-21,0,47.78,3.89,3586.69,679.77,2973.78,1371.9,2736.14,246.61,3.09,0,328469.07
5,2023-11-19,1,79.97,3.2,4085.23,2202.81,1121.06,2136.0,2611.91,171.73,8.09,1,62116.95
1,2023-08-06,0,36.57,2.92,2888.67,3610.98,1377.87,1407.35,1495.21,240.35,3.82,0,27160.76
2,2024-12-01,0,99.98,2.88,2246.91,3032.69,63.36,868.33,912.24,160.26,6.5,0,88732.49
4,2024-11-24,1,50.73,3.5,1217.57,4431.43,2923.5,3605.87,3770.03,217.04,7.32,1,76115.67
1,2024-12-15,1,49.27,3.35,3302.75,1582.96,3878.74,692.36,3419.94,158.51,4.29,1,332780.03
1,2023-12-03,1,93.99,3.56,3881.24,68.99,4749.6,1887.71,260.86,227.5,8.58,1,426371.85
3,2024-10-06,1,62.27,2.57,4525.41,4926.78,3008.5,220.84,3583.32,183.7,8.35,1,490399.51
3,2024-10-20,0,88.23,3.32,1005.56,41.12,706.6,1687.77,4563.59,214.92,5.28,0,373569.9
1,2024-12-01,0,60.6,3.23,2676.69,3535.85,2871.81,310.11,4727.46,245.69,6.43,0,141343.6
1,2024-09-22,0,36.51,3.65,957.76,4296.05,2758.83,2548.25,959.07,175.55,5.15,0,412150.19
3,2024-08-18,0,34.2,3.37,871.77,2629.7,4682.74,1925.96,4918.36,200.33,9.73,0,360915.44
1,2024-08-11,0,61.22,2.74,1623.22,2003.53,838.33,4867.57,1874.57,240.49,4.16,0,68746.45
2,2024-06-30,1,87.89,3.64,4284.3,4345.55,3270.17,2288.94,877.87,172.2,3.26,1,72431.52
3,2024-02-18,0,80.23,2.65,4944.13,4363.51,4014.19,470.2,2565.63,161.17,6.66,0,269880.09
1,2024-06-09,1,38.09,2.93,3009.79,1108.67,1653.64,1442.43,4414.95,234.15,6.47,1,394877.74
1,2023-12-10,0,63.56,2.72,2557.22,4047.13,1667.36,2306.87,769.8,201.75,7.11,0,167278.31
2,2023-12-10,0,86.32,3.83,3298.58,1136.68,4122.79,2859.84,426.86,198.61,8.93,0,363851.05
3,2024-02-18,0,65.47,3.51,1338.58,4644.35,4477.46,3077.79,3140.48,167.19,9.81,0,340978.97
2,2023-10-29,1,54.36,3.05,669.46,4237.64,432.55,2216.98,512.91,192.66,6.91,1,246186.13
1,2024-11-03,1,38.88,3.18,1059.89,4886.44,4728.93,2930.35,2949.77,155.46,3.21,1,106506.4
3,2023-11-26,1,49.39,2.91,263.13,2055.22,583.75,2396.09,506.89,245.47,4.07,1,441599.14
1,2024-12-22,0,85.0,2.73,816.39,943.41,4199.9,2213.45,675.24,225.01,4.05,0,150908.23
5,2024-10-27,0,59.95,3.89,4405.12,3073.15,4799.85,3043.9,3595.58,248.05,9.82,0,59069.47
1,2023-02-05,0,65.82,3.88,2434.25,2057.77,3808.07,4442.55,3088.98,207.71,3.4,0,407800.91
2,2024-11-24,1,61.01,3.88,4735.02,2485.85,3303.43,2897.51,3286.39,158.54,7.19,1,44877.57
2,2024-01-14,1,43.9,2.74,4098.18,276.6,150.38,4432.09,1098.31,159.94,8.4,1,148115.6
2,2023-10-08,0,99.25,2.86,4439.35,2540.47,181.57,1180.82,3223.48,201.06,3.14,0,482365.03
2,2023-10-08,0,84.86,2.57,1608.89,1609.7,1604.69,1690.1,69.31,216.48,8.37,0,454114.06
4,2024-07-14,1,34.87,3.6,4789.21,843.28,20.27,1443.58,2966.69,206.19,7.08,1,410647.93
2,2024-04-28,0,61.67,3.8,715.54,1803.92,923.63,4206.67,373.76,240.28,3.55,0,118295.65
2,2023-02-05,0,30.42,2.69,1199.86,3728.3,4328.0,4245.35,2878.4,173.03,4.62,0,327018.33
2,2023-05-07,0,75.72,2.7,4973.75,4353.27,2520.99,987.02,3369.06,243.03,7.13,0,161330.36
5,2023-02-12,0,36.97,3.79,2252.81,132.78,4333.27,3356.59,3159.58,207.04,5.37,0,228500.81
4,2023-06-25,0,31.02,3.71,2622.13,26.53,122.5,568.16,1214.07,217.65,5.83,0,418865.56
1,2023-07-16,0,56.93,2.58,971.99,4202.13,1496.14,1897.85,1908.84,228.86,5.8,0,56575.32
3,2024-01-21,0,52.75,2.65,1474.01,2306.93,4925.29,2215.01,604.11,235.09,7.94,0,153354.55
3,2023-07-09,0,68.15,2.73,1118.34,3737.52,2230.31,3882.83,1409.68,247.04,3.11,0,278241.24
5,2024-09-15,1,67.51,3.23,2917.53,2876.88,890.68,2234.03,2842.35,222.18,5.43,1,441807.06
1,2024-05-05,0,52.37,2.88,326.26,542.55,2748.59,2474.43,3801.16,225.77,6.92,0,422406.81
1,2023-02-12,0,65.95,3.42,3348.62,972.73,1579.76,4105.31,4552.5,185.23,7.87,0,109146.41
1,2024-06-30,1,78.55,2.89,4836.03,2891.97,4272.19,1018.17,3887.62,184.82,5.85,1,449487.87
1,2023-12-17,0,51.62,3.23,2985.3,4920.76,3589.62,784.11,2027.19,160.01,5.61,0,410918.38
2,2024-12-29,0,87.31,3.04,159.27,2429.32,191.83,4337.97,2570.47,218.24,6.61,0,230468.38
3,2024-09-29,1,83.74,3.27,4769.23,1973.11,1428.58,42.82,3256.37,210.77,4.01,1,218924.98
2,2024-08-11,0,98.94,3.15,2516.09,9.14,3715.52,4212.2,1211.43,181.85,4.34,0,187001.35
1,2023-06-25,0,53.84,3.61,322.79,2262.03,1586.43,4344.69,1106.85,202.55,6.48,0,442066.1
3,2024-05-19,0,56.07,2.92,147.77,3216.59,3366.27,4719.92,2113.37,158.57,5.24,0,103561.77
1,2023-06-18,1,38.61,2.58,135.03,1321.72,3197.0,1507.8,2172.41,181.31,8.95,1,182670.91
4,2024-11-17,1,88.5,2.86,2502.28,2763.17,1585.93,2333.96,2084.05,227.17,7.25,1,195511.85
4,2023-07-23,1,78.23,2.72,1040.81,3388.9,1093.68,2869.68,1480.24,246.22,5.98,1,344136.84
4,2024-10-13,1,33.76,3.69,2394.87,2469.95,853.94,1789.45,646.67,224.11,9.37,1,234807.85
4,2024-09-08,0,93.65,3.48,1942.83,2918.9,2464.56,4681.68,3737.41,238.46,5.0,0,371950.01
1,2024-04-21,0,63.17,3.02,3908.35,1872.84,4330.05,138.03,1076.78,172.14,7.2,0,144888.97
2,2023-09-10,0,68.27,2.52,4147.75,2786.86,2610.48,4463.73,2724.08,202.93,4.33,0,121523.5
5,2024-03-10,1,47.24,2.5,1038.46,591.42,2756.36,3847.14,335.48,196.59,5.45,1,52220.17
5,2023-04-23,0,77.76,2.51,2410.55,2050.03,3605.44,2319.9,4307.99,241.64,5.16,0,93352.45
4,2024-06-02,1,40.23,3.5,1425.7,2684.77,483.83,3892.13,2001.62,163.26,6.66,1,192828.46
2,2023-06-18,0,37.69,3.3,268.73,2176.66,1906.67,403.07,1834.62,245.98,7.35,0,123989.32
5,2023-10-08,1,48.97,3.14,2823.89,3422.76,2641.2,3336.27,1428.61,214.69,8.85,1,334753.91
4,2023-11-26,1,46.7,2.66,639.05,1179.8,1838.53,2742.95,2999.86,189.38,8.74,1,265287.28
1,2023-05-28,0,67.77,3.65,4163.21,1262.77,4132.86,777.94,1310.56,154.99,7.08,0,476983.99
5,2023-04-16,1,47.33,3.26,571.86,4577.93,2267.15,2670.96,1305.59,200.75,7.4,1,468799.59
2,2024-10-20,0,70.36,3.1,3296.95,57.43,2659.44,4994.63,874.62,228.84,3.66,0,229143.16
2,2024-09-08,1,52.56,3.08,439.33,4230.83,2113.94,3000.49,828.26,187.54,7.7,1,108250.41
4,2024-03-31,0,89.1,3.63,1564.45,91.49,1696.28,2761.74,4736.76,172.26,7.27,0,205831.58
2,2024-10-06,0,33.63,3.96,4103.51,3203.26,863.36,3956.88,3575.51,202.53,4.79,0,116055.75
5,2024-11-17,0,88.98,3.56,3976.0,4909.58,471.99,4345.5,1012.17,234.12,3.89,0,69736.93
5,2023-04-02,1,60.55,3.97,1695.35,3298.37,1500.51,1474.85,119.93,236.55,3.79,1,331798.15
2,2024-08-04,0,72.77,3.04,724.36,3711.33,3386.0,3658.29,1516.05,207.53,5.86,0,77765.41
1,2023-04-09,0,48.74,3.0,3777.94,4363.91,3465.32,752.65,1035.66,181.87,4.82,0,268473.56
3,2024-12-08,0,43.28,3.01,3327.0,3086.08,4417.93,4107.85,4776.1,215.25,8.22,0,370709.88
1,2023-01-01,0,71.3,3.62,3845.66,4272.2,736.0,167.65,497.85,232.97,3.42,0,223780.07
2,2024-06-16,0,80.84,3.45,2552.82,4342.63,3863.8,29.79,4097.17,238.48,3.67,0,152094.64
4,2024-10-06,1,32.11,3.58,3027.26,1506.49,2591.61,2738.34,3755.75,219.11,3.14,1,136998.68
5,2024-10-06,1,91.01,3.03,4121.61,2490.1,4007.28,434.21,4086.38,196.44,8.66,1,239995.62
1,2023-03-19,0,75.07,3.07,4969.14,4198.19,1155.99,4396.48,180.38,213.69,4.2,0,274755.4
1,2023-04-02,1,45.65,2.96,635.35,1496.63,2258.57,3581.54,1841.43,169.25,7.01,1,40447.59
1,2023-04-30,0,33.03,3.08,2922.58,2207.58,4586.3,4696.99,2852.05,243.82,5.44,0,422168.1
5,2024-08-11,1,90.26,2.62,3506.38,3998.91,1542.12,2577.33,1855.92,194.81,9.37,1,133890.65
1,2023-09-17,1,55.36,2.96,3670.88,721.47,4813.09,4434.79,2664.26,241.77,7.28,1,372807.44
1,2024-12-01,1,75.71,3.56,3401.44,3769.62,4945.43,1608.94,141.17,197.97,5.0,1,409605.43
1,2024-09-01,1,36.77,3.25,4765.31,630.95,3540.38,3409.08,1853.82,207.92,5.35,1,328639.71
5,2023-11-26,0,30.48,3.54,2205.17,1072.67,951.81,3248.32,3890.94,217.21,5.64,0,153980.06
4,2023-12-03,1,81.11,2.68,1676.66,4198.76,3720.31,3188.93,1875.45,172.08,4.0,1,294723.76
4,2024-04-07,1,42.36,3.35,2829.98,3066.77,745.24,373.04,1192.41,153.17,8.06,1,45236.8
2,2023-10-01,0,49.7,3.83,3064.89,3784.05,4075.09,1484.36,236.34,245.73,4.54,0,57384.4
1,2023-12-17,1,89.37,3.84,375.51,3341.85,3644.38,2173.69,2283.28,188.92,3.92,1,128408.17
5,2023-09-10,1,97.25,2.83,4721.74,2608.34,2518.1,1999.52,149.65,182.29,8.03,1,435796.94
4,2023-11-26,0,88.88,3.38,1967.62,3661.09,100.14,3912.01,2132.9,197.22,7.0,0,424640.69
2,2024-12-29,1,98.3,3.95,1750.64,4466.08,2664.0,969.07,1917.93,239.51,6.86,1,165216.42
1,2024-05-12,1,55.87,2.54,692.21,3774.19,2613.98,2433.84,2480.74,224.18,9.99,1,132556.34
5,2024-08-25,1,37.78,2.75,42.26,3067.74,2455.32,3777.47,129.08,227.74,6.63,1,52016.75
2,2024-06-30,1,96.94,3.88,4293.11,795.52,4504.3,1002.24,4275.82,228.66,4.43,1,362115.67
2,2024-02-11,1,51.36,2.61,1684.95,4956.75,2046.02,114.27,2694.14,191.01,5.52,1,367790.45
4,2024-03-17,1,94.29,2.85,2886.27,983.72,1022.07,3851.71,1281.69,218.6,7.62,1,168350.2
3,2023-12-31,0,35.27,3.94,694.72,189.29,2959.18,3624.12,4152.05,227.98,8.19,0,69346.8
4,2023-07-30,1,83.54,3.42,3326.25,4808.93,521.05,2885.99,3288.05,230.54,3.25,1,427510.07
3,2024-03-10,0,50.42,3.02,3708.44,1424.05,441.89,1007.06,2587.82,207.27,10.0,0,236029.84
2,2024-09-29,0,89.29,3.58,3179.34,3130.08,1937.13,3473.69,3181.74,207.88,9.77,0,108220.96
5,2024-06-30,0,31.27,3.47,1864.66,2134.59,4854.98,3733.54,2841.22,158.57,3.02,0,63240.4
5,2024-03-31,0,38.58,3.44,4820.19,3818.26,3876.75,279.45,1857.21,201.29,4.22,0,155306.01
3,2023-07-30,0,73.5,3.82,1191.64,4522.11,1651.43,2957.97,4594.49,219.0,4.47,0,279507.22
2,2023-07-02,0,66.48,2.68,4625.16,3731.81,1835.61,2910.9,2043.51,188.69,9.17,0,385350.63
2,2023-01-01,0,78.68,3.26,1920.7,2842.58,1003.39,352.33,4469.24,226.8,9.08,0,293479.42
4,2024-11-24,0,63.5,2.87,2224.91,4239.99,2201.03,756.77,3644.05,159.9,3.64,0,362150.14
2,2024-07-14,0,99.06,2.85,2580.38,4316.91,2004.9,3240.46,2863.05,233.94,4.28,0,233990.66
4,2023-04-02,0,89.06,3.79,4253.21,4424.28,677.4,15.34,1353.81,173.32,6.45,0,374985.59
1,2023-02-12,0,91.88,2.89,4017.59,4233.88,2523.61,4203.44,3807.56,166.17,4.17,0,103728.2
4,2024-06-16,0,37.78,2.64,3532.03,2773.94,269.32,2740.02,2787.32,185.69,4.72,0,33663.24
4,2023-11-19,1,76.15,3.37,3186.67,2300.81,2279.12,3759.79,541.88,206.28,4.69,1,54430.95
4,2024-12-01,1,47.65,2.85,1579.16,2281.45,1293.63,2746.05,410.64,240.93,3.41,1,363240.73
4,2023-06-04,0,42.75,2.59,4023.27,518.8,892.84,4501.52,600.95,227.49,4.93,0,328684.92
4,2023-03-05,1,50.5,3.73,3539.75,3664.79,3542.6,3182.69,3856.15,247.82,9.92,1,46594.58
1,2023-08-13,1,89.31,2.6,4519.23,1309.68,2393.07,438.32,2900.48,218.61,5.01,1,166414.42
5,2023-02-12,0,30.74,3.81,3676.31,617.83,4958.48,3153.6,3719.35,188.32,5.16,0,314793.64
4,2024-11-10,1,44.24,2.65,2568.18,203.76,4388.18,1664.64,1095.73,186.78,9.84,1,215623.88
5,2023-07-23,1,84.16,2.97,3843.23,795.27,3203.35,2370.68,1868.22,202.37,9.69,1,399271.14
4,2023-12-17,0,47.78,3.29,806.58,1845.92,853.74,2124.94,2152.36,216.65,7.57,0,356442.7
4,2024-04-07,1,57.89,3.04,4091.12,3928.81,2882.58,4403.2,35.43,207.2,6.82,1,268290.55
3,2024-09-01,0,74.77,2.7,3731.57,1879.45,3331.46,584.64,276.4,180.56,4.94,0,243868.23
5,2023-12-10,0,53.07,3.7,2555.99,1912.5,1629.15,659.74,426.87,213.91,4.81,0,399979.16
3,2023-07-09,0,44.12,3.53,2135.55,1609.69,4470.74,104.06,1725.13,189.67,8.08,0,108684.99
1,2024-03-10,0,58.49,3.91,1452.81,4674.48,3660.9,1834.51,3962.07,218.76,4.54,0,422701.46
1,2024-09-01,0,99.26,2.91,848.38,2511.41,3668.24,460.02,1471.26,204.85,6.31,0,478380.93
2,2024-09-15,0,82.15,3.01,4365.25,2466.16,3000.49,3510.52,4309.26,191.91,9.68,0,245801.91
3,2024-02-11,0,39.27,3.53,4427.47,3106.02,262.01,4484.98,756.72,167.51,8.32,0,488677.77
5,2023-07-30,1,74.87,2.94,1687.65,2470.03,2368.5,524.07,3392.41,183.45,6.15,1,185879.55
4,2024-05-26,0,68.79,3.9,1595.24,4212.67,368.45,2017.98,4421.48,156.84,3.22,0,360976.87
2,2023-04-16,1,79.05,3.48,4395.44,1995.97,3624.28,1734.25,4778.67,207.0,8.6,1,340259.02
2,2023-12-31,0,63.56,2.62,1126.55,1219.6,1883.16,1076.68,3429.58,154.46,7.77,0,375510.92
5,2023-12-24,0,55.71,2.6,2838.54,4086.8,2180.06,1881.51,308.45,242.84,7.56,0,267309.85
1,2024-11-10,0,31.31,3.84,3294.79,660.45,3291.4,4269.88,2087.17,151.89,7.71,0,426405.94
2,2024-08-25,0,62.38,2.62,4421.36,4485.57,2571.5,354.54,4652.03,162.3,6.43,0,175047.4
4,2024-01-28,1,43.58,3.22,1153.06,3171.49,789.45,693.81,4023.55,177.21,8.86,1,355231.13
2,2024-09-08,1,67.18,2.56,2850.13,3046.13,2089.52,400.83,600.88,159.59,8.47,1,243712.25
4,2024-08-25,0,61.72,3.21,3034.09,195.31,4110.12,1700.91,291.33,161.64,3.22,0,285349.11
2,2024-03-24,1,38.81,3.13,2509.05,3550.93,78.09,2572.88,2729.64,246.66,5.57,1,475560.66
1,2024-12-01,0,50.41,3.95,3187.67,4636.69,2372.02,3338.65,3261.82,219.35,6.17,0,150264.13
4,2024-11-03,0,34.62,3.86,3799.74,3314.03,3279.49,3522.19,2368.65,164.03,6.39,0,351402.57
1,2023-11-05,1,60.28,2.9,3555.74,2714.46,1604.12,3558.82,1713.24,249.97,8.78,1,152903.5
2,2023-09-17,1,87.62,2.88,4410.88,3612.74,3887.84,395.29,3935.82,154.21,7.68,1,24056.46
5,2024-03-31,0,79.14,3.77,2427.19,3727.98,1707.45,256.95,1070.12,150.17,3.34,0,99791.2
4,2024-07-07,0,41.95,2.6,3394.69,3641.11,3304.04,3929.69,1371.19,242.69,6.75,0,91857.42
4,2023-04-09,1,30.04,3.07,4228.73,2317.82,2650.94,4130.95,2082.19,193.83,3.38,1,107274.95
2,2024-01-14,0,47.56,2.61,3610.49,267.71,40.63,3351.17,1986.82,193.02,4.45,0,149921.79
1,2024-01-28,0,30.6,2.8,3771.12,123.92,3841.02,2998.09,4836.67,200.89,8.54,0,366376.23
5,2023-04-23,0,76.12,3.56,3894.69,2161.55,4703.88,1968.69,243.98,209.71,9.38,0,91270.28
3,2023-09-03,1,73.41,2.69,662.48,3030.81,504.11,423.46,4024.31,161.48,3.62,1,35100.75
3,2023-08-06,1,38.85,3.91,1182.47,1321.1,1225.06,987.24,1593.78,161.63,3.84,1,344363.21
4,2023-05-14,0,63.68,3.78,3023.68,513.64,660.73,3718.0,1894.09,207.99,6.98,0,65587.18
3,2024-04-07,0,35.08,3.73,1419.3,2872.39,4820.8,4797.88,1819.43,241.41,9.66,0,88542.32
5,2023-12-17,0,98.83,2.88,4077.65,4361.56,3986.31,1768.66,234.74,155.66,9.71,0,305905.22
4,2024-09-01,0,60.16,2.53,3776.39,742.47,1260.15,4501.77,1829.22,161.55,9.51,0,371837.32
4,2023-05-21,1,41.5,3.36,1145.39,4636.35,2665.86,2620.76,439.61,166.04,9.14,1,20608.63
4,2023-03-26,0,45.78,3.72,2090.68,3681.48,4948.64,1624.94,1472.51,240.81,8.36,0,26224.21
5,2024-04-07,0,58.1,3.74,4787.73,2931.63,965.71,4631.95,4128.78,203.51,5.51,0,411309.87
4,2023-01-15,1,40.52,3.69,2803.62,4202.2,2441.38,1048.93,700.66,201.05,9.79,1,369359.96
2,2024-10-27,1,96.23,2.83,1152.03,3767.7,1314.51,3055.09,2223.18,151.13,5.91,1,176878.98
2,2023-05-07,0,34.37,3.16,3806.62,1795.53,1276.87,1867.13,4442.48,150.25,8.75,0,84008.94
4,2024-04-28,0,86.71,3.2,4779.88,96.65,212.0,275.76,3856.7,242.19,8.82,0,386473.67
2,2023-07-16,0,91.2,3.83,2755.56,4866.34,1519.78,3314.16,2177.9,171.47,4.45,0,459465.97
4,2023-05-14,1,77.35,3.16,2262.25,1899.85,3335.25,283.13,33.57,158.89,4.63,1,489507.61
2,2023-06-18,1,66.59,2.77,233.94,3276.19,212.88,3709.03,3026.07,229.2,4.22,1,227746.64
5,2023-01-22,1,84.68,3.26,3670.36,1765.04,1041.21,2478.36,1647.09,248.43,7.54,1,201604.61
2,2023-05-21,1,60.84,2.7,3010.96,4478.87,1274.24,719.17,4147.12,170.91,8.17,1,122253.44
5,2023-10-15,1,51.9,3.19,4616.26,1989.54,2133.5,4137.94,2413.66,208.35,6.89,1,288994.2
2,2023-06-04,1,98.93,3.24,192.33,1368.46,1229.87,820.16,1596.21,153.46,5.5,1,300470.22
5,2023-06-11,1,98.55,3.32,419.81,938.12,3206.36,479.45,495.1,190.89,7.38,1,440107.8
3,2023-04-09,1,37.79,2.78,3258.98,3212.62,2805.53,2822.72,4698.97,165.81,3.66,1,180523.17
2,2024-12-22,0,42.21,2.99,1742.01,3652.39,315.1,3527.53,1872.58,217.58,9.88,0,239128.78
3,2023-04-09,0,51.05,3.3,3444.52,4045.85,868.02,736.3,1959.27,226.76,3.75,0,457253.18
4,2024-05-19,0,78.85,2.83,2096.91,950.68,474.42,3217.45,956.85,182.64,3.55,0,382669.93
4,2024-05-19,1,52.31,3.57,3706.72,1307.09,1083.59,626.87,3233.56,186.06,7.88,1,300829.54
2,2023-02-19,0,99.12,2.62,3836.45,3451.22,186.26,1133.36,3008.28,193.85,7.21,0,423578.91
4,2023-05-28,1,51.14,3.7,1928.75,1612.09,410.72,4771.13,1256.79,167.3,3.82,1,373582.77
5,2023-05-07,0,37.57,3.62,1674.7,56.84,3042.61,2499.93,3038.47,240.64,9.46,0,387745.54
3,2024-10-13,0,53.23,3.28,4617.48,2652.02,972.93,4039.07,2534.62,185.33,4.62,0,200134.2
1,2023-07-02,0,76.33,3.82,3468.34,1120.86,696.17,252.89,3326.02,171.58,9.42,0,471379.74
1,2023-11-05,1,62.49,3.27,2720.07,963.3,2094.57,1246.03,4099.1,210.31,9.54,1,234718.97
3,2023-11-19,1,74.03,3.06,4559.54,287.99,498.5,742.3,4935.85,150.22,8.84,1,248713.17
4,2024-05-12,1,68.18,3.95,1231.53,4284.7,2452.84,237.96,2408.08,206.83,9.91,1,461558.3
1,2024-07-28,0,62.51,3.75,935.39,4972.89,3282.72,4386.93,1390.94,158.37,4.52,0,110341.47
2,2023-12-31,1,80.62,3.07,3812.74,4855.48,2762.79,1437.15,2806.64,157.46,4.65,1,399572.04
2,2024-10-06,1,85.97,3.12,3859.68,4775.07,353.26,2826.06,3963.26,151.65,5.38,1,377122.86
2,2023-11-05,0,30.5,2.91,4740.8,3416.34,2185.42,2942.56,1347.27,171.41,6.6,0,155258.03
4,2023-12-10,0,43.45,3.41,1275.0,330.14,1535.46,2324.67,3603.87,191.76,4.42,0,189570.69
3,2024-03-03,0,83.42,3.42,4640.69,99.7,4936.03,1906.93,3206.77,243.69,9.3,0,188162.79
2,2024-02-04,1,91.75,2.8,3418.56,3148.04,3436.84,212.83,2032.13,215.22,5.37,1,317866.42
1,2024-07-07,0,46.78,2.98,4589.44,2286.13,1186.67,337.35,996.15,187.04,7.08,0,430453.34
5,2023-08-13,1,90.73,2.55,443.02,1190.02,4765.31,3857.43,1421.56,229.6,4.11,1,64142.36
4,2023-04-30,0,70.58,2.63,3199.38,3569.84,1145.49,529.26,26.72,198.67,5.43,0,26911.57
1,2024-06-02,0,76.05,2.67,219.49,3895.96,4965.86,4270.04,1008.27,163.32,6.19,0,483419.75
3,2023-01-22,0,66.55,3.47,12.65,1495.12,2842.68,2275.08,762.92,156.71,5.05,0,269949.05
3,2024-02-04,0,91.09,3.77,3673.5,4428.8,1068.08,2359.45,365.89,184.97,6.24,0,359093.73
1,2023-11-26,1,84.31,3.27,122.19,2169.31,2586.55,3820.3,3137.71,166.98,6.37,1,206036.49
4,2023-05-14,1,67.69,2.75,4395.68,4421.26,4379.44,1555.92,2169.37,151.1,3.78,1,278902.89
4,2024-06-30,1,90.25,2.55,1657.96,4625.22,698.25,550.66,3722.04,171.98,4.45,1,373060.55
3,2023-05-21,1,94.56,2.96,3810.07,246.95,3034.54,2340.72,2777.24,225.8,5.52,1,174124.75
2,2023-01-29,0,90.13,3.81,3476.07,3063.28,4520.34,3492.59,4198.17,196.39,3.39,0,132760.06
1,2024-03-03,1,49.92,3.05,525.72,4687.3,3680.07,4902.12,3132.12,173.41,6.07,1,149081.82
1,2023-11-05,0,85.84,3.35,3435.91,939.03,3802.25,4242.54,3988.19,226.78,6.72,0,196284.94
2,2023-04-30,0,89.53,3.23,612.42,1041.41,288.52,2615.58,4589.49,216.39,5.31,0,27798.6
4,2023-01-15,0,33.75,3.96,1039.75,2672.35,1530.36,4964.43,1469.9,152.11,3.0,0,50222.82
2,2023-11-19,0,38.11,3.38,3678.11,527.65,4530.85,2470.19,1491.27,229.29,9.02,0,178340.03
4,2024-07-28,1,44.85,3.21,2212.14,4417.33,3391.99,2177.57,1846.3,197.32,5.45,1,369569.82
5,2023-08-13,0,92.08,3.43,2795.92,1378.02,1316.19,4495.5,4275.64,160.47,3.96,0,286284.33
3,2023-10-22,0,36.83,3.67,2948.13,2666.74,2553.38,595.28,4264.34,235.4,3.66,0,133277.76
5,2024-05-26,0,64.72,2.94,4236.16,3124.07,1519.14,289.66,4131.17,163.69,6.45,0,461658.0
2,2023-10-01,1,47.54,3.5,1991.83,4932.31,4645.93,3834.29,209.73,224.35,4.39,1,412566.23
1,2024-09-15,1,69.09,3.76,8.67,2107.76,4970.99,502.94,2321.85,234.14,6.37,1,376079.12
3,2024-07-07,1,76.25,2.72,3898.84,3057.72,1289.62,798.84,665.41,172.39,4.84,1,356500.24
1,2024-05-05,0,51.16,2.8,2711.81,3776.34,2438.81,2656.41,1511.35,181.09,6.49,0,260812.34
4,2024-08-25,0,39.55,2.69,3860.05,4273.94,2328.13,3319.49,4997.07,238.41,3.08,0,100391.91
1,2024-05-12,1,71.56,2.63,659.96,3037.81,395.61,943.33,1106.54,192.14,3.17,1,187361.84
4,2023-07-02,0,77.45,3.55,4181.43,1323.26,793.65,2347.28,4025.27,247.72,5.13,0,89131.67
3,2024-06-09,0,42.56,3.67,3240.58,218.55,3359.13,2341.56,2491.7,244.97,3.75,0,92079.05
5,2023-07-30,0,95.02,2.88,3718.97,47.99,386.85,4617.3,1362.68,204.14,3.26,0,249764.29
2,2023-07-02,0,82.7,2.67,3261.78,408.47,4129.95,15.91,3526.66,213.6,7.22,0,320738.06
5,2024-03-10,0,55.22,3.01,2634.49,1230.2,852.6,4623.18,2335.5,211.74,7.06,0,123431.01
4,2024-07-07,0,98.16,3.72,803.47,1908.66,1742.41,4813.49,4142.57,207.56,9.98,0,344547.24
3,2024-04-21,0,71.43,2.6,2068.22,3649.41,1701.71,2999.73,336.47,221.07,3.85,0,215530.79
1,2023-07-09,0,73.71,3.8,614.68,1662.29,1584.98,3180.6,856.49,186.86,7.56,0,83967.38
2,2023-12-24,1,85.21,3.64,954.23,3202.39,3021.9,4145.72,4472.55,184.25,7.64,1,456095.9
5,2023-10-22,1,64.0,3.59,1698.58,2527.47,1883.18,2980.11,2781.78,197.53,5.83,1,105060.28
5,2024-11-03,0,49.24,2.95,1221.56,1513.94,2406.82,184.52,2647.51,168.88,8.75,0,137759.51
3,2024-11-10,1,44.45,3.68,2672.29,296.44,2004.47,1848.63,4222.51,180.5,7.86,1,212513.6
4,2023-02-26,1,45.73,2.86,4648.25,3059.57,4507.62,3536.05,2810.37,165.59,8.7,1,186629.56
1,2024-02-25,1,34.37,3.97,1508.08,2890.74,2964.52,2286.98,1732.95,205.65,9.3,1,94326.94
1,2023-11-26,1,85.16,3.39,2585.82,3915.65,2533.74,2575.09,3227.67,186.0,6.67,1,366012.46
2,2023-06-18,0,66.71,3.21,477.24,75.77,1212.74,1636.67,827.99,182.07,5.67,0,462547.94
2,2023-09-17,1,83.24,3.6,1404.06,2027.51,4982.0,4798.15,2862.29,247.01,6.19,1,344795.19
1,2024-06-30,1,31.92,2.76,4841.39,617.15,3651.11,1302.1,607.98,154.04,7.18,1,371220.42
4,2023-11-12,1,36.72,2.91,1095.74,2727.47,2456.96,3601.79,2693.13,232.96,6.19,1,486351.51
4,2024-10-13,0,77.19,3.49,3911.9,663.28,588.3,2626.26,2171.12,217.39,3.33,0,215380.02
3,2023-07-02,1,66.49,3.79,4203.37,2725.14,937.7,1860.78,1722.68,152.93,5.23,1,110690.71
1,2024-03-17,1,89.34,2.96,4434.63,1819.26,3900.9,1474.37,762.97,222.83,5.54,1,442045.83
4,2024-07-07,1,32.02,2.77,3232.86,821.67,2355.06,149.78,1242.45,172.4,9.07,1,21955.31
2,2023-12-24,1,43.84,3.31,2090.6,3778.63,3339.73,19.13,4145.24,159.95,4.93,1,35309.95
2,2024-01-21,0,48.42,3.87,1477.59,4976.6,2704.26,1037.05,4716.48,188.76,5.66,0,440824.1
4,2023-11-12,1,97.13,3.26,4218.41,4362.8,1816.4,284.69,2866.18,229.75,5.86,1,356786.16
2,2024-10-20,0,60.81,3.34,2042.43,3486.66,4037.48,762.03,4818.26,225.37,4.37,0,344002.07
4,2024-10-06,0,80.78,3.71,4361.71,1355.24,4861.26,4203.52,2812.24,202.54,3.47,0,31836.33
3,2023-04-30,0,64.51,3.01,4012.94,1740.44,3334.44,4638.91,2268.28,247.53,8.28,0,255498.2
1,2024-10-06,0,41.05,3.02,4570.69,437.88,127.99,2210.25,1409.9,202.99,5.63,0,306882.25
5,2024-06-30,1,69.24,3.6,3418.5,2862.54,4588.3,2131.03,1853.56,193.91,8.13,1,425427.49
3,2024-04-21,0,60.82,3.67,4612.88,1275.42,875.53,727.17,913.06,207.0,5.8,0,131056.3
4,2023-09-17,1,45.61,3.76,4179.01,4401.96,4821.79,1367.21,2640.87,246.69,4.97,1,348620.36
3,2023-09-17,0,86.92,3.05,2146.66,2811.75,1882.38,3421.68,2869.77,197.21,5.83,0,97824.24
2,2023-03-05,0,83.06,3.95,4641.15,1071.93,2698.5,1820.44,2349.85,198.77,6.85,0,95836.07
1,2023-07-09,1,46.9,3.84,2955.39,3688.01,4433.57,2484.79,760.23,175.16,7.11,1,43780.12
1,2024-10-20,1,98.14,3.32,4932.37,4753.18,3168.1,94.05,3116.24,158.87,4.45,1,239571.32
5,2024-03-03,1,87.63,2.72,3577.19,503.54,1938.07,475.69,3048.38,239.24,7.15,1,220325.29
4,2023-12-31,0,89.86,2.58,182.53,4058.08,2681.47,975.62,860.13,226.25,6.91,0,358923.32
1,2024-10-13,1,47.64,3.04,4718.23,4020.91,4782.74,462.24,36.62,165.25,4.53,1,163159.78
2,2023-12-24,0,98.53,3.68,4647.29,359.53,3560.9,2881.8,3594.83,210.29,8.73,0,171313.37
3,2024-05-05,1,57.31,2.66,2388.91,2488.65,3309.63,2605.68,4798.85,228.51,5.83,1,126051.59
5,2024-10-13,1,36.74,2.62,3265.01,966.07,2045.37,3205.54,788.4,170.23,7.1,1,59576.57
2,2023-06-25,0,85.32,3.73,3242.23,2288.7,1839.2,2823.69,4881.93,246.43,8.31,0,434357.94
5,2023-06-11,0,55.02,3.32,666.31,4522.76,1505.24,3146.44,2700.3,179.78,8.24,0,302279.77
4,2023-02-12,1,61.7,2.65,3695.01,4805.96,3756.08,2238.4,3633.21,244.19,8.23,1,341990.9
5,2024-09-08,0,44.94,3.63,4363.01,2892.82,863.44,4898.94,396.93,164.31,4.92,0,312069.16
1,2024-10-06,0,34.34,3.8,4509.96,1666.35,1669.28,134.98,4774.69,217.66,8.19,0,433466.81
4,2024-01-14,0,95.66,3.44,1743.25,2037.85,2091.38,1999.71,430.33,201.26,9.38,0,204689.02
1,2024-12-01,1,74.81,3.48,1697.22,825.82,3233.63,420.21,1498.03,203.24,4.26,1,86317.51
3,2024-07-21,1,51.88,3.68,2299.03,468.76,1357.13,1627.91,4771.41,243.57,7.98,1,164293.03
3,2024-03-03,1,39.14,3.95,3600.57,83.11,918.58,3763.64,375.1,226.01,8.03,1,51466.1
4,2023-06-18,1,64.7,3.93,1907.27,4721.73,606.46,690.05,3951.53,166.55,3.94,1,76529.39
3,2023-11-26,1,61.67,3.78,4186.65,1502.81,4577.66,1878.96,3009.47,166.01,3.42,1,188270.65
4,2024-11-24,1,89.07,2.54,1900.16,4684.31,4214.53,2105.58,2151.17,180.57,9.07,1,240266.3
1,2024-10-06,1,89.71,3.8,2180.72,648.99,1814.06,439.43,2722.81,163.64,4.63,1,58493.47
4,2023-02-12,0,40.54,2.63,4243.51,3094.67,998.37,1111.09,1519.15,168.23,3.62,0,376206.53
3,2023-07-09,0,41.29,3.07,2040.59,1677.45,4414.85,215.03,2097.35,166.66,5.93,0,411172.92
3,2024-05-26,1,31.82,3.6,1238.37,1927.54,1732.19,3170.15,71.35,192.0,4.02,1,258876.01
2,2024-04-14,1,72.15,2.64,13.85,1764.07,4229.84,4247.45,2756.34,240.56,9.29,1,363529.5
3,2024-05-05,1,71.91,2.89,56.03,4429.61,2096.48,910.37,2189.25,165.4,6.87,1,50794.82
4,2023-12-24,1,82.59,2.78,3887.97,2475.38,4462.42,594.78,1296.0,187.39,6.99,1,213658.36
1,2024-11-10,1,39.0,2.76,794.16,3489.37,3496.58,782.35,4017.35,249.77,5.96,1,100746.99
5,2024-08-04,1,51.92,2.75,22.02,232.01,1479.08,154.08,3593.43,174.84,7.23,1,196235.79
4,2023-05-28,0,35.74,2.55,299.41,966.95,4445.04,1280.93,1152.55,197.99,8.63,0,451347.57
1,2023-09-24,0,85.47,2.72,2795.08,2188.04,3297.42,4956.79,2199.73,174.26,7.1,0,46733.91
1,2023-09-24,0,50.9,4.0,497.69,4568.42,988.74,765.59,370.09,174.06,7.75,0,125270.65
5,2024-11-17,0,75.29,2.76,968.94,88.31,3595.26,3805.58,1298.51,203.27,8.42,0,254869.14
1,2023-07-30,0,30.36,2.51,4437.62,4598.85,4219.81,1949.7,255.93,169.11,5.08,0,462094.23
4,2024-10-20,1,30.61,3.74,1987.46,407.13,995.26,408.02,3204.12,204.64,5.18,1,117931.41
4,2023-03-26,1,93.3,3.05,3618.44,2858.26,2290.89,1573.26,3575.34,173.66,3.92,1,453288.0
3,2023-11-26,0,78.77,2.52,290.94,3971.67,155.9,1030.09,912.97,208.98,8.25,0,265201.7
2,2024-10-20,1,30.89,2.85,3896.85,2439.86,2446.28,397.56,3591.3,203.44,5.22,1,197696.81
3,2024-06-30,1,79.78,2.77,1429.8,2123.83,2444.42,3227.93,4587.42,211.0,3.28,1,467315.65
3,2024-10-13,1,35.03,3.78,4384.52,2202.78,2888.84,3810.96,169.12,226.94,9.78,1,347289.57
4,2024-10-27,1,34.53,2.61,1900.36,2102.25,2749.37,2278.13,3887.28,181.39,3.03,1,468597.63
3,2023-04-02,0,79.51,3.07,4033.53,4573.55,3304.87,3022.89,867.41,205.41,3.33,0,54689.67
1,2024-11-10,0,45.56,3.41,4447.88,4178.9,4900.28,4922.93,1786.38,186.15,7.69,0,81844.54
4,2024-05-26,0,87.83,3.56,687.76,2145.51,988.04,2694.15,4200.32,207.82,8.69,0,359896.66
5,2024-06-02,1,66.58,3.84,2151.3,2037.32,770.45,3887.85,1364.9,248.81,3.57,1,352031.41
2,2023-09-10,1,63.78,3.26,3944.22,3392.3,4340.01,3154.67,1226.87,193.96,4.03,1,93101.83
5,2024-08-25,0,39.4,3.35,2495.63,3615.71,3442.73,3355.95,2759.74,201.24,6.91,0,265189.7
1,2024-10-20,0,60.78,2.71,2000.59,1033.44,2392.03,4659.03,3110.13,183.24,7.23,0,99200.25
5,2024-03-24,0,87.8,3.04,3453.32,1462.75,4839.76,1726.66,2615.89,246.43,4.08,0,436307.83
2,2024-11-17,1,50.7,2.7,968.98,3722.56,1882.54,2988.92,2124.02,175.98,4.34,1,43789.6
2,2023-12-17,0,44.46,2.5,4768.61,4120.77,2743.12,3347.13,4116.59,191.3,7.35,0,135739.89
2,2023-05-28,0,31.68,3.33,4590.84,4771.23,191.65,2658.19,657.64,195.58,7.96,0,303868.47
5,2024-12-01,0,36.41,2.83,2357.39,1501.64,3279.24,4322.27,3744.72,174.3,9.81,0,403606.62
1,2024-12-08,0,83.03,3.47,4344.9,1800.18,3261.05,4398.1,4802.99,176.05,5.37,0,250114.6
4,2024-09-08,1,45.33,2.53,4806.61,30.81,2791.73,1729.65,509.23,172.7,8.94,1,274581.59
1,2023-09-17,0,70.09,2.78,3883.87,1844.26,3684.41,1449.06,236.57,188.68,8.0,0,64836.65
4,2024-09-15,0,75.09,3.54,2207.8,3337.45,4810.14,242.39,3339.03,224.61,6.92,0,480898.07
1,2023-02-12,0,79.63,3.01,4378.17,1604.84,4966.03,4390.5,3098.7,160.72,6.75,0,374918.26
3,2024-04-28,0,90.6,3.95,47.5,3241.33,2715.01,429.95,2670.66,163.37,9.39,0,184004.21
2,2023-03-05,0,76.87,3.03,2412.21,4572.71,4693.76,2858.57,3075.86,171.41,5.11,0,167465.65
5,2024-07-28,0,76.27,3.77,1136.63,1961.62,4136.64,2646.72,2231.24,232.18,6.63,0,113820.95
1,2023-06-04,0,46.66,3.82,4642.4,4076.72,3648.42,2369.93,454.85,196.04,5.52,0,205739.59
3,2024-04-21,1,60.79,3.48,4546.14,1981.46,3229.53,4651.68,3028.5,193.61,4.82,1,260637.46
2,2024-03-03,1,66.55,3.68,220.28,2107.44,2760.47,1193.17,1669.35,155.5,9.85,1,235611.06
2,2024-03-17,0,35.23,2.51,4920.22,4569.3,2722.78,2747.66,1414.52,196.91,7.83,0,227041.78
3,2024-08-18,0,87.9,3.53,4618.39,845.27,4615.4,3071.14,1775.83,183.39,9.79,0,61983.32
4,2024-11-03,0,80.91,3.3,3380.13,1170.83,2966.61,4028.41,1648.62,187.23,8.74,0,210260.34
3,2023-09-10,0,77.0,2.64,1071.51,1461.53,3139.79,2352.12,4386.93,248.01,5.27,0,394203.03
2,2024-07-21,1,38.53,3.35,1279.21,4054.53,3572.48,1859.16,2158.43,197.3,8.45,1,258631.97
5,2023-07-02,1,88.35,3.3,4149.97,2769.87,596.4,2118.27,410.26,189.15,6.52,1,50522.94
1,2023-03-26,0,77.63,3.99,4242.35,3428.25,216.02,4675.61,516.16,248.47,8.75,0,134852.54
5,2023-05-07,0,54.46,3.33,2535.33,4818.75,3804.08,885.66,730.43,192.04,4.56,0,377832.93
1,2023-11-26,1,91.75,3.82,2424.98,3602.58,4589.2,3370.81,2147.98,151.49,6.71,1,137406.03
5,2023-07-16,1,98.17,3.4,1537.67,4682.81,2132.07,3877.49,3033.09,201.94,4.67,1,293448.12
1,2023-01-01,1,32.47,3.28,6.44,3319.45,3391.32,733.1,2123.01,210.18,7.36,1,400742.3
4,2023-08-27,0,38.29,3.3,3968.84,386.2,2044.72,3439.39,4351.23,229.33,3.61,0,88921.52
1,2024-01-07,0,68.64,3.24,2473.11,1849.39,1152.2,2749.85,300.16,243.89,4.34,0,397406.4
2,2023-11-26,1,47.84,2.83,2475.82,3122.41,2626.2,1095.07,2584.88,249.18,8.27,1,185175.79
1,2024-07-14,1,30.81,3.58,154.84,371.47,1134.16,2246.04,3659.36,227.75,9.26,1,287891.78
5,2023-01-08,0,81.51,2.73,2984.81,1861.75,2045.58,2127.45,2071.64,221.45,8.61,0,222671.16
1,2023-06-11,0,92.52,2.82,114.05,1590.87,3569.73,426.22,4444.0,150.35,3.58,0,282100.18
3,2023-10-01,0,45.84,3.09,3386.3,4725.98,1689.5,1157.26,2138.31,165.6,6.46,0,424824.3
5,2023-10-08,0,79.63,3.62,3666.43,3799.21,64.25,3101.54,3644.17,247.34,4.9,0,318479.54
1,2023-03-05,1,80.33,3.76,2539.51,715.82,4217.75,434.76,3211.6,163.82,7.26,1,76170.24
3,2024-04-28,1,95.03,3.72,3644.24,4777.53,3733.03,3039.65,3580.36,161.63,3.23,1,88639.64
3,2023-06-18,0,47.13,3.01,1826.07,449.97,4527.96,4716.71,2852.33,180.04,9.9,0,469078.73
3,2023-02-05,0,38.24,3.91,2811.14,4669.23,4953.18,563.74,1076.87,155.74,3.39,0,128691.06
4,2024-10-06,1,84.48,3.48,3216.42,4305.12,1892.61,1950.91,2096.0,212.29,3.24,1,472491.52
4,2024-10-06,1,31.49,3.2,4714.57,2986.95,3363.74,1133.68,526.03,240.75,6.97,1,87186.78
4,2024-08-18,0,32.39,3.45,1410.85,4682.52,3834.14,3092.72,169.66,237.42,6.02,0,485214.33
2,2023-02-26,1,97.72,3.32,739.32,1047.3,4220.62,1403.97,3145.83,213.69,9.04,1,164863.01
3,2024-12-15,0,67.72,2.87,3181.52,3987.98,3987.79,4929.99,1624.11,201.97,4.21,0,242559.08
5,2023-06-18,1,95.41,2.89,1292.9,1333.47,3949.25,4293.3,4892.24,193.77,6.38,1,326867.82
1,2023-09-24,0,76.03,3.08,3121.59,2111.06,4319.28,1351.1,448.32,183.54,5.98,0,421211.52
2,2023-01-29,1,69.76,3.6,4361.69,1907.35,4734.39,2205.91,4240.58,225.3,9.76,1,465856.22
1,2023-07-30,0,32.98,2.62,4904.79,881.82,3383.17,3166.13,453.55,172.91,5.49,0,388000.51
3,2024-12-15,1,67.95,3.14,4765.28,2578.19,2008.62,2495.46,3761.03,179.89,7.79,1,336191.66
2,2024-03-24,0,53.58,3.63,2466.22,600.36,3070.61,779.0,4214.25,226.0,9.18,0,91197.78
5,2023-01-08,1,98.55,2.61,3662.55,4982.74,2737.47,1399.19,3039.93,158.71,4.61,1,173004.98
5,2024-08-18,1,91.69,2.83,2259.37,4894.03,3866.27,2075.64,4575.46,217.67,5.32,1,24166.98
4,2023-04-23,0,34.39,3.17,3130.74,4072.31,4270.28,2128.81,1894.89,157.35,8.42,0,439208.65
4,2024-03-31,0,43.97,3.39,3859.98,2286.45,3725.96,4365.99,2780.14,178.35,9.72,0,189194.63
5,2023-03-12,0,73.06,2.65,3925.76,2148.84,646.08,113.48,1625.99,187.07,3.52,0,246051.82
2,2024-09-22,0,82.07,3.84,1519.18,3598.89,3370.19,798.45,4921.74,242.26,3.68,0,266286.04
2,2024-06-30,0,54.0,3.93,1723.82,2774.14,816.71,4323.87,2016.46,240.67,3.44,0,285089.65
2,2023-01-01,1,63.85,2.91,4407.38,342.13,289.03,3111.5,996.67,232.89,3.47,1,69220.63
4,2023-02-26,1,69.35,3.11,2951.52,1341.46,1436.05,4506.09,3751.59,209.72,4.5,1,102829.85
1,2023-12-03,1,99.0,3.74,48.19,2351.92,3594.82,1648.55,924.03,204.68,8.69,1,112934.02
4,2024-05-19,0,67.23,3.38,1901.9,2337.13,2981.96,4452.22,710.62,246.78,6.32,0,373013.42
1,2023-07-23,1,70.62,3.77,3149.94,416.91,216.21,3368.76,1504.08,216.33,5.84,1,126435.6
1,2024-06-16,1,47.48,3.16,4221.88,4928.13,102.44,1021.1,1077.06,242.8,7.59,1,259713.92
5,2023-08-20,0,61.05,3.89,3554.95,1823.18,2636.66,1718.81,234.74,216.74,5.21,0,145552.01
1,2023-10-08,1,30.2,3.97,1813.45,4432.22,4276.25,3034.54,4455.69,241.74,7.55,1,34642.34
4,2023-08-20,0,83.31,3.4,1002.67,3428.61,1415.77,2130.67,734.28,190.38,3.29,0,82222.7
1,2024-12-01,1,53.4,3.75,2576.36,2169.16,4140.44,1188.6,1203.74,199.73,7.82,1,262091.12
2,2024-05-19,1,77.53,2.72,3859.7,3696.12,728.06,2742.72,3747.71,244.77,6.48,1,443679.12
2,2024-09-29,1,99.41,3.62,116.96,4944.39,2799.88,4229.41,3135.82,226.05,7.28,1,299081.24
3,2023-11-05,1,66.95,3.74,4927.63,3466.55,86.19,1761.17,1175.27,246.91,3.28,1,170368.56
5,2024-10-06,1,81.14,3.3,98.29,2332.45,2988.56,1705.89,840.93,205.76,8.47,1,489419.06
5,2024-10-20,0,66.23,3.5,2855.62,4543.22,560.7,3360.82,4043.72,237.9,4.24,0,144771.02
5,2023-06-11,1,39.38,2.54,833.52,852.73,922.33,2484.38,742.67,230.31,8.45,1,310705.81
2,2023-05-14,1,74.43,3.34,1651.04,4667.65,969.93,1500.54,1637.36,205.99,6.82,1,348516.04
1,2024-02-04,1,86.23,3.12,1876.88,83.93,3533.38,2038.16,2537.98,185.17,6.42,1,390950.65
1,2023-05-28,0,88.04,2.51,4043.34,1241.68,3622.88,2079.59,2556.4,209.89,3.71,0,94873.66
1,2023-06-25,1,41.12,3.71,1135.83,558.08,4766.49,2035.33,2979.26,179.56,8.22,1,446004.79
3,2023-04-02,1,37.92,3.71,1229.94,10.5,4112.6,492.51,2245.21,165.26,4.5,1,346396.11
5,2023-03-12,0,90.61,3.73,3803.16,2207.16,1325.08,3717.18,705.91,199.65,9.16,0,238305.66
4,2024-06-09,1,75.43,2.99,3488.33,4915.2,862.03,2503.36,498.19,238.07,7.96,1,363008.29
2,2024-05-05,0,85.81,3.69,1708.38,1843.0,3708.06,3887.63,4033.89,193.15,5.66,0,226000.71
4,2023-10-01,1,43.14,3.55,1120.25,4447.79,820.32,1216.58,1067.61,225.15,4.71,1,73140.9
3,2024-09-15,1,59.15,2.79,410.89,3305.33,327.67,2017.63,1272.35,180.86,7.73,1,412396.06
4,2024-09-01,1,31.79,3.36,1879.0,2912.43,540.33,4466.15,3062.81,172.94,6.39,1,309427.87
2,2023-03-05,1,69.45,3.29,603.08,3392.0,3153.94,3978.97,2612.75,154.63,3.73,1,308931.53
5,2024-07-28,0,80.61,3.37,537.12,125.14,4419.44,1612.24,2497.87,166.6,7.77,0,456001.24
1,2023-07-23,0,53.94,3.19,9.14,4154.7,2439.22,567.61,2230.97,159.98,5.1,0,255509.93
4,2024-07-14,1,72.88,2.96,2195.58,2572.89,922.44,4907.0,4500.16,231.39,7.17,1,272411.12
1,2024-12-22,0,51.28,3.25,4389.71,1434.92,726.58,4584.84,4705.58,157.9,5.57,0,46869.27
1,2024-05-26,1,61.91,3.61,2642.42,2953.99,4078.71,3339.0,648.79,194.29,5.85,1,137034.95
5,2024-07-07,1,62.9,3.47,224.99,1998.63,646.09,1183.18,336.24,228.12,6.73,1,224377.05
4,2024-05-05,0,53.0,3.45,951.22,1228.11,2348.43,4479.69,1535.49,245.26,8.2,0,78457.55
4,2024-08-25,1,30.72,2.77,3260.56,3301.82,722.31,2970.8,1586.86,162.12,4.22,1,306774.68
2,2023-08-20,0,67.61,3.92,4778.15,4419.82,4166.77,3721.43,2379.33,174.91,3.41,0,40695.44
5,2024-09-01,1,32.97,2.73,817.29,4480.45,1959.31,4229.83,996.3,178.81,9.99,1,374687.38
5,2023-07-09,0,44.68,3.92,999.54,1985.39,2913.79,1331.3,595.76,170.73,8.49,0,329749.59
1,2024-05-05,1,93.44,3.34,328.33,1284.4,3815.41,3280.26,4197.72,235.58,4.19,1,272125.84
1,2024-08-25,1,45.76,3.66,3733.81,4906.78,1415.25,2242.15,4551.67,224.96,5.61,1,217087.17
2,2023-01-01,1,76.77,2.64,92.05,4498.31,3569.14,4906.34,1535.67,222.76,4.76,1,408844.63
5,2024-02-04,0,43.12,3.79,1585.41,725.87,2466.82,4147.42,4239.35,176.7,4.39,0,173292.78
3,2023-01-01,1,78.44,3.84,4235.37,4414.34,1173.32,3456.23,71.53,245.72,7.83,1,119395.4
1,2023-01-29,1,60.88,3.26,1779.1,4063.44,2459.38,4183.94,1846.84,159.25,5.1,1,68289.59
3,2023-08-20,0,95.28,3.75,173.13,362.76,3125.27,4762.47,4224.92,165.15,6.0,0,311777.32
5,2024-06-09,0,40.91,3.93,732.01,3416.11,4168.65,3476.78,2478.11,154.02,7.17,0,400318.42
2,2024-10-13,0,31.39,2.64,215.36,2550.18,2747.61,3333.52,4371.95,159.9,5.6,0,414478.87
3,2024-06-23,0,47.65,3.22,457.84,4048.05,4771.81,3785.83,2224.91,158.54,5.99,0,179168.07
2,2023-04-23,0,30.52,3.98,602.72,37.03,2704.6,295.05,168.54,197.36,5.2,0,64880.4
3,2024-10-27,1,61.78,2.93,368.84,3621.25,133.97,1721.9,2628.52,160.74,9.53,1,40266.06
2,2023-04-30,0,33.38,2.67,2345.4,3379.81,199.83,2581.32,2940.22,211.2,9.93,0,353593.21
4,2023-11-12,0,94.86,2.88,4194.75,2469.24,3565.4,2944.91,94.57,171.42,9.82,0,218488.63
4,2024-09-29,0,41.19,3.58,4803.42,606.31,3843.48,2985.72,780.72,224.74,8.32,0,288122.13
1,2024-09-22,0,72.04,2.89,4697.13,1941.73,1312.38,427.45,337.47,173.86,8.31,0,460882.02
2,2024-08-11,1,74.06,3.75,3353.3,1345.76,985.21,2440.54,2859.2,171.4,9.25,1,274929.83
1,2024-02-11,0,40.2,3.12,1122.57,3006.65,4145.59,1271.27,2543.86,238.63,5.85,0,280978.68
3,2023-09-17,1,96.16,2.81,2299.38,4556.81,3911.26,3945.93,2234.25,163.72,3.44,1,321330.06
2,2024-07-21,1,84.96,2.68,1737.31,1212.79,2120.33,3262.88,348.18,171.42,4.42,1,236532.13
4,2023-08-20,1,66.43,3.27,2815.58,1063.51,913.31,2933.73,807.55,224.99,9.33,1,353040.26
1,2023-02-05,1,30.65,3.23,1399.32,2081.13,1287.29,1484.28,2915.0,174.08,8.33,1,309444.93
2,2024-09-15,0,83.94,3.45,3738.27,4252.52,4583.67,930.01,1959.39,241.66,6.76,0,453449.13
5,2023-06-04,0,80.08,2.88,264.61,2189.77,55.43,4156.97,2131.38,226.72,5.18,0,408020.33
2,2023-02-12,0,91.47,2.96,4868.1,1885.62,4692.69,529.11,293.86,241.39,7.55,0,290554.05
3,2024-04-14,0,54.02,2.86,3785.88,3112.65,1988.44,3574.09,3527.86,196.56,4.72,0,38292.65
4,2023-07-23,0,51.53,3.54,2208.42,2834.16,1204.54,678.25,3576.57,211.17,6.16,0,459579.94
4,2024-09-29,1,38.53,2.7,3369.23,2712.31,4516.59,1460.77,1520.12,188.2,9.6,1,496089.22
5,2023-08-06,0,76.59,3.54,2068.81,2936.44,2263.1,1507.09,1816.36,223.94,7.65,0,73774.0
2,2024-04-07,0,44.82,2.58,1049.77,895.54,4973.61,4362.53,982.82,180.63,9.29,0,88288.48
2,2023-06-11,1,52.44,3.15,3259.85,1222.61,2510.06,2083.6,4530.69,186.06,5.91,1,470107.17
2,2024-07-21,0,44.99,3.49,1182.7,3023.23,4173.15,3013.45,2634.08,212.86,4.84,0,133737.77
2,2024-12-15,0,47.07,2.78,1925.26,2785.53,4615.58,4389.8,873.14,213.78,3.8,0,223332.31
2,2023-02-19,0,45.68,2.97,4353.81,2347.02,3101.74,2729.0,3791.58,249.63,9.08,0,364282.78
4,2024-01-14,0,66.32,3.03,3067.99,216.84,4851.3,1599.94,953.01,224.98,5.06,0,271942.04
1,2024-09-22,1,60.28,3.07,843.38,956.73,2626.91,447.39,1726.02,225.53,8.2,1,455080.48
2,2024-02-04,1,44.12,3.06,945.63,1050.96,4617.04,1790.61,812.22,171.63,4.08,1,485581.87
5,2023-12-24,1,78.78,3.23,765.4,837.96,3493.48,441.82,2270.23,150.22,6.57,1,83914.91
2,2023-06-25,1,97.3,3.4,2169.17,4032.1,1005.2,2498.04,3574.31,182.8,7.28,1,73566.54
2,2023-08-20,1,47.54,3.1,4881.13,884.61,2186.3,4264.6,3841.35,189.98,3.72,1,189784.61
1,2023-05-28,1,93.87,3.49,417.4,176.94,3663.22,2905.81,251.49,227.38,9.87,1,105123.98
4,2023-10-15,0,66.31,2.98,1893.57,657.92,1266.35,4141.75,570.88,155.88,7.35,0,492300.87
2,2024-09-01,0,90.13,3.91,1655.24,240.72,1754.19,3169.8,1849.1,184.8,3.52,0,104945.5
1,2024-11-03,0,40.15,3.77,3605.6,775.66,144.24,4594.38,1168.64,174.79,9.38,0,42317.07
5,2024-12-08,0,64.64,2.81,2566.01,117.88,2648.15,1478.53,4877.11,194.06,3.88,0,485063.62
5,2024-09-15,1,82.58,3.91,2922.21,818.38,2215.05,1866.01,3970.32,191.41,8.92,1,343318.32
3,2023-02-26,1,47.83,3.74,2252.02,1024.36,3254.09,2299.33,2494.5,211.95,4.72,1,312966.0
3,2024-12-08,1,93.94,2.52,3756.65,1905.0,351.74,4637.41,4900.24,207.26,9.73,1,51654.76
1,2023-09-03,0,38.15,3.67,2782.15,1829.53,3202.14,874.78,2342.76,210.11,9.38,0,376638.23
3,2023-06-11,0,97.38,2.58,2555.5,4240.76,1387.83,111.47,2193.25,182.72,9.52,0,367897.08
5,2024-08-04,1,90.43,3.72,4811.24,1660.12,2289.48,3854.65,1794.3,229.41,4.13,1,356514.58
4,2024-06-09,0,88.58,2.6,2578.47,734.69,3593.86,4147.34,2132.28,240.71,3.74,0,411140.16
3,2024-07-21,0,93.21,3.96,1861.97,1970.42,422.07,2598.16,2718.77,205.78,8.33,0,452493.75
5,2023-07-09,0,30.44,3.27,4687.57,56.24,2445.23,2980.6,2732.79,196.27,6.29,0,237314.38
2,2024-09-22,1,38.36,3.08,4085.27,3772.68,3935.57,2756.7,214.31,169.53,8.19,1,203421.66
3,2024-04-28,1,71.8,3.38,1960.53,173.28,2379.71,4032.88,1438.47,201.0,6.4,1,136090.24
2,2024-05-05,0,55.39,3.88,2725.24,3587.62,3580.47,297.02,4741.91,208.74,6.37,0,26971.72
4,2024-12-01,0,91.62,3.15,3412.08,3175.61,390.35,4390.56,2298.77,157.93,9.81,0,26384.3
3,2024-10-06,0,62.84,3.26,3534.11,3593.03,2008.68,760.35,2214.0,222.02,4.0,0,368687.92
5,2023-06-11,1,87.43,3.86,2447.06,1847.86,4845.48,759.17,2456.2,196.48,3.78,1,193298.66
4,2024-06-23,1,78.44,2.95,2628.92,1328.38,955.12,119.08,4878.21,234.22,3.85,1,356348.22
1,2023-11-12,0,99.87,3.69,3286.77,2175.83,4745.39,101.75,1532.99,155.55,9.83,0,70102.98
1,2023-07-02,1,33.85,2.72,3030.25,1603.89,2767.43,3119.09,1443.07,211.94,8.2,1,282261.25
5,2024-01-21,1,49.37,3.52,3665.37,1885.87,2879.17,4623.13,2179.16,197.36,5.99,1,141047.03
5,2023-04-30,0,36.15,3.22,3722.5,3675.7,2392.79,4043.54,4990.47,177.99,5.49,0,340024.22
1,2024-10-06,0,35.07,2.75,3618.0,734.08,4677.08,1489.82,2820.89,229.27,8.17,0,244695.88
4,2024-03-03,0,32.37,3.04,3265.68,4291.67,2430.67,4236.08,4384.31,229.61,9.06,0,121720.59
2,2024-09-22,1,60.09,2.67,4542.48,1713.65,4450.72,1191.71,3073.48,197.99,6.55,1,396892.3
1,2023-02-19,0,63.5,3.66,4259.54,495.8,3873.36,4316.34,1107.29,173.14,7.74,0,103757.59
5,2024-02-18,0,41.04,2.67,3947.39,1507.04,1413.24,2314.64,3554.57,243.03,4.95,0,295589.63
4,2024-02-04,1,76.36,3.87,4075.8,3882.59,1710.99,3075.28,585.0,150.18,5.91,1,348798.88
3,2024-09-08,0,59.23,3.57,491.62,1049.19,3746.02,17.46,4816.3,177.48,7.37,0,461444.74
3,2024-09-29,0,90.63,3.74,307.4,153.9,2679.02,4329.1,1862.65,240.55,7.64,0,36345.0
2,2023-08-27,1,60.44,2.61,3357.18,3454.0,861.17,730.7,2941.91,196.45,4.31,1,486167.08
5,2024-02-04,0,54.83,2.86,4214.39,4709.0,30.7,375.47,1222.19,218.66,7.39,0,217880.63
2,2024-03-10,1,83.88,3.13,2374.33,3526.96,1946.95,1345.1,3471.68,236.22,4.66,1,444374.31
5,2024-03-31,1,30.72,3.19,4840.78,3041.25,4883.73,2974.49,3806.4,164.74,7.48,1,464481.12
1,2023-08-13,0,81.23,3.53,1973.2,410.8,2687.04,3113.9,1003.64,244.66,7.14,0,250247.4
2,2023-05-28,0,31.9,3.31,3757.64,4728.62,1684.62,1391.05,3803.64,236.81,4.89,0,142441.89
1,2024-06-23,1,90.24,2.68,222.09,1101.76,2389.77,1644.04,4260.99,200.87,5.57,1,274885.62
5,2024-03-17,0,77.38,3.63,1202.98,4773.15,4613.51,2010.43,1579.23,166.33,6.05,0,262822.27
1,2023-11-19,1,82.99,3.52,2417.63,1768.66,4513.03,962.21,2063.84,167.37,3.36,1,286109.42
4,2024-02-18,1,71.31,2.71,4707.68,3703.21,459.07,2615.45,4919.37,160.32,8.62,1,309405.14
5,2023-03-26,1,63.19,3.4,1193.33,2521.03,1552.41,593.28,2605.46,216.92,3.58,1,94450.39
2,2023-10-01,1,44.35,3.6,3565.48,2735.26,399.24,4768.67,2671.33,211.9,4.31,1,281118.25
1,2024-07-21,1,78.58,3.49,4881.08,2469.63,897.93,1464.79,4166.39,178.99,9.08,1,313211.68
2,2023-01-15,0,94.35,2.59,16.19,3943.63,1993.4,3496.92,1840.46,244.99,3.26,0,126818.59
5,2023-11-19,1,78.96,3.9,2666.51,3887.93,224.06,3211.18,799.29,227.95,7.13,1,115938.83
2,2023-08-20,0,97.09,2.91,1807.25,3639.01,4605.8,1503.82,2001.93,239.59,9.78,0,332471.13
2,2024-05-05,0,59.01,2.65,3606.4,2065.3,3930.1,2591.31,2305.75,184.17,4.49,0,448720.12
4,2024-03-31,0,72.73,3.41,2809.8,137.35,229.58,2790.28,505.13,236.12,8.93,0,491384.3
2,2023-04-23,0,93.92,2.62,1248.57,9.62,1151.61,3654.49,4903.79,221.27,3.43,0,449854.57
5,2024-10-20,1,41.13,3.96,266.41,4402.29,1189.92,659.04,726.58,167.01,6.91,1,320878.63
1,2023-05-14,1,73.54,3.3,4401.62,497.64,583.19,3446.25,272.47,187.72,8.53,1,409940.23
2,2024-04-28,0,31.21,3.11,2353.3,1842.47,976.74,3597.08,2223.16,160.39,3.8,0,369485.77
1,2024-10-27,1,71.53,2.68,4387.88,3975.14,1920.59,2927.59,758.44,216.59,7.85,1,154104.64
4,2023-03-12,0,71.55,3.77,922.17,127.81,4356.68,1835.12,1533.87,187.33,7.04,0,248911.23
4,2024-09-29,1,64.14,3.2,1264.97,1854.15,436.47,2180.85,846.78,230.24,3.2,1,492166.57
2,2024-03-31,0,33.85,3.22,3425.13,4993.9,2762.3,4261.99,1771.88,215.06,9.51,0,237202.72
1,2024-09-01,1,55.29,3.87,1430.5,1557.4,4628.2,3043.67,4850.08,170.16,9.53,1,212326.27
2,2023-07-23,0,58.5,3.44,3618.83,1151.13,1178.13,752.24,3467.01,239.79,3.57,0,153328.94
3,2023-01-22,1,54.5,3.79,583.66,1890.17,3216.18,3684.83,3695.89,229.35,5.88,1,453198.1
3,2023-06-04,1,67.16,2.9,621.83,1051.21,1190.23,3479.89,4556.27,249.08,3.06,1,348454.21
1,2023-01-29,0,56.36,3.47,2278.97,3877.82,3009.58,1896.19,1249.46,217.31,9.83,0,238019.27
5,2023-05-07,1,56.81,3.79,1102.13,2633.03,4753.3,3544.96,490.61,218.43,7.09,1,431850.02
1,2023-01-22,0,39.99,3.88,1947.19,2168.53,1466.33,4198.38,2896.16,179.16,4.69,0,172398.49
4,2023-06-18,0,32.08,3.74,428.35,2677.88,2160.14,1827.1,3232.62,198.43,8.24,0,314996.94
3,2024-09-01,1,47.7,3.07,1875.13,4272.03,326.25,2912.63,1041.32,153.06,5.26,1,81116.28
2,2023-08-13,1,34.94,3.48,1573.24,3688.23,4361.66,1432.1,2314.97,249.44,4.03,1,454861.4
4,2023-02-12,1,45.43,3.88,62.64,555.31,3861.38,167.14,1403.2,167.85,4.69,1,362371.52
1,2023-12-17,1,30.29,3.77,3765.9,4454.65,3088.34,331.63,280.87,203.56,9.0,1,355115.45
5,2024-06-02,0,77.37,3.66,1423.36,3745.25,3301.39,1733.62,2482.51,181.39,9.41,0,188101.18
2,2024-08-11,1,74.03,3.78,2513.75,959.53,2552.28,576.29,1557.23,210.8,3.2,1,429626.65
3,2024-01-07,1,61.97,3.77,4872.45,1872.63,2861.25,2181.26,4925.39,196.41,8.21,1,360813.52
2,2023-12-24,0,84.11,3.15,4820.98,3432.33,2254.67,937.14,2183.42,168.83,7.84,0,235671.61
4,2023-12-17,0,64.37,3.9,3857.48,2033.19,3345.99,3595.19,671.99,226.48,8.83,0,355860.67
3,2023-04-23,1,78.14,2.61,2026.22,470.58,1480.71,3375.93,1850.9,159.7,9.94,1,436157.8
1,2024-01-14,1,96.54,2.54,346.24,1569.01,1537.02,3607.28,4065.43,237.48,8.66,1,72398.39
4,2024-09-08,1,39.65,3.73,2433.05,4594.08,4700.45,3196.79,1143.78,229.27,5.78,1,196850.05
1,2023-02-19,0,69.66,3.22,4825.22,3223.3,4017.88,543.61,2069.47,158.74,8.23,0,475286.67
3,2023-04-09,0,85.29,3.25,4171.41,1146.46,2039.77,313.81,1850.11,209.22,3.92,0,217682.38
5,2024-06-02,0,74.06,3.37,1074.43,3109.46,3598.19,158.28,4467.88,153.79,9.98,0,301498.39
3,2023-05-28,1,30.35,3.87,1001.74,4027.74,4295.29,4270.92,986.57,202.58,7.64,1,258379.21
4,2024-12-22,1,74.47,2.95,3330.5,601.96,3615.86,2597.17,723.59,247.55,7.33,1,75327.42
1,2024-04-14,1,53.82,3.76,4806.38,93.63,1577.18,4241.42,3996.67,228.94,5.85,1,344355.94
2,2024-08-18,0,34.5,3.84,1982.68,1278.91,3310.16,1024.9,4970.17,239.77,6.29,0,403363.13
1,2023-10-08,0,95.58,2.97,1307.34,168.67,2641.57,737.41,4462.51,239.14,8.89,0,54028.04
5,2024-12-22,1,32.06,2.76,3725.29,3868.3,3760.6,2678.2,1489.6,186.49,8.88,1,99039.58
3,2023-06-25,0,46.63,2.88,589.07,4834.59,1262.33,2690.25,4851.72,241.49,6.57,0,281420.61
2,2024-12-29,0,38.61,3.48,4295.52,3401.62,321.52,414.47,756.65,156.69,5.17,0,368711.58
3,2023-12-03,0,52.7,3.55,4330.92,656.52,3349.57,833.56,2168.39,247.99,6.8,0,455424.4
3,2023-07-02,0,74.23,3.13,3534.8,4135.45,1115.84,4790.45,413.99,189.7,7.93,0,458205.84
1,2024-03-17,1,58.69,3.06,4518.77,145.71,4995.05,2432.39,3383.45,189.02,6.91,1,194739.43
5,2023-05-28,0,46.89,3.76,2358.74,2390.81,1110.24,753.34,1771.71,224.28,4.19,0,60545.54
2,2023-01-22,1,54.32,3.3,277.92,4701.49,1761.74,47.05,3937.3,214.72,9.83,1,157211.85
1,2023-09-24,0,40.55,2.96,3193.87,1243.44,2892.22,836.86,1585.61,224.98,3.93,0,269357.41
4,2023-09-10,1,49.34,3.64,2443.16,1219.34,2600.36,470.83,4325.91,237.91,9.46,1,292605.68
3,2023-03-12,0,56.56,2.56,1511.31,2170.56,1267.59,1368.17,2173.75,215.03,5.38,0,354314.05
2,2024-08-18,1,48.52,3.18,3204.15,4118.95,1529.17,3486.58,1527.43,211.78,6.14,1,288154.88
3,2024-04-21,0,35.37,3.76,711.0,2919.02,4309.32,2640.91,2871.07,182.07,3.46,0,436346.22
4,2023-11-12,0,30.63,3.5,4507.69,1487.72,3871.93,977.54,3545.71,166.68,9.39,0,372833.89
2,2024-04-07,1,93.87,3.05,1657.52,2022.04,3476.51,1036.97,4954.37,212.21,7.8,1,196778.64
5,2023-09-03,1,75.67,3.56,2591.47,3748.6,435.06,799.91,4245.35,191.53,7.73,1,134821.51
4,2024-09-29,0,78.38,3.74,3795.71,2415.2,3863.93,3037.31,618.3,171.22,9.01,0,138852.3
4,2023-10-01,1,42.55,2.68,2760.01,4882.03,1833.65,3145.59,4675.86,245.28,9.53,1,74225.65
1,2024-03-10,1,77.05,2.78,1337.73,4253.56,2841.25,3650.01,2573.75,208.55,7.49,1,330101.44
2,2023-03-26,1,79.1,3.53,2302.47,4922.61,839.75,419.69,967.66,160.01,6.86,1,309309.57
5,2024-11-03,0,45.31,3.88,4451.52,959.38,1898.85,3390.66,4647.92,179.19,5.53,0,381657.94
5,2024-07-14,0,46.12,3.71,4565.75,2038.31,2619.39,4639.59,2038.82,241.32,9.39,0,218315.15
3,2024-12-08,0,56.44,3.57,1559.67,4723.53,982.39,2205.25,1115.83,226.96,3.25,0,225425.71
4,2024-09-15,1,93.33,3.98,3102.48,2629.18,164.42,4623.16,555.18,248.83,5.35,1,352418.01
2,2024-10-06,1,76.45,2.72,650.79,4594.44,2993.55,2362.72,3827.83,238.76,3.42,1,235372.7
4,2024-06-23,0,77.27,3.24,2410.52,4907.76,500.2,3530.23,3996.9,238.72,4.66,0,97498.59
5,2023-11-26,1,64.2,2.71,4235.73,1773.15,604.91,1389.11,1004.81,246.43,5.06,1,395604.08
5,2023-02-19,1,71.42,3.78,4794.96,4617.71,2138.28,266.71,239.46,162.01,6.11,1,343541.45
4,2024-09-08,0,49.42,2.52,3714.63,4762.31,4706.78,433.44,2589.46,166.43,4.75,0,370229.46
4,2023-12-10,0,66.66,3.14,4679.68,222.31,1607.33,2042.17,822.57,182.85,6.47,0,84658.82
4,2023-12-03,1,81.51,3.14,1613.36,1659.11,4755.53,2981.52,3006.2,226.4,6.87,1,366651.84
4,2024-09-29,1,68.67,3.07,2030.08,648.97,3182.78,2825.08,2891.07,189.94,4.44,1,143095.1
3,2023-05-14,0,78.79,3.06,4414.83,4743.94,3660.83,1590.33,4101.86,229.32,8.83,0,48283.48
5,2023-03-19,1,63.37,3.04,2465.28,3368.42,2380.74,4478.69,2261.86,154.02,4.61,1,55662.22
5,2024-01-07,1,73.06,3.19,3195.84,1291.4,38.85,3938.75,285.45,223.86,4.75,1,139030.39
4,2023-07-23,1,51.41,3.75,475.91,41.3,981.75,4951.82,4412.68,184.96,8.57,1,304521.8
3,2024-01-07,0,50.14,3.63,2378.19,183.74,4634.23,1029.01,913.65,158.45,7.12,0,235545.13
2,2024-05-26,1,49.88,2.59,740.94,2934.23,4380.86,2681.46,2668.9,229.35,3.87,1,184335.97
2,2024-09-29,0,94.58,3.93,1679.57,1540.79,3544.64,586.4,1052.78,193.69,4.95,0,112120.85
4,2024-09-22,1,81.24,3.77,1897.2,692.05,87.78,4320.85,3277.74,183.25,3.82,1,279130.79
5,2024-12-08,0,97.97,3.18,1155.76,4086.52,2845.5,4274.65,2041.06,220.88,6.45,0,292841.93
5,2023-07-30,0,98.67,3.63,1879.24,3351.91,1456.0,4394.22,196.72,156.75,6.0,0,345571.33
4,2023-04-23,1,56.32,3.07,3648.94,351.45,1090.48,2999.3,199.41,212.76,3.15,1,197774.76
2,2024-02-18,0,50.46,3.35,2358.94,16.79,1230.66,1440.18,1292.7,189.48,8.78,0,54843.97
4,2023-05-21,1,66.73,2.82,988.73,3469.54,2852.83,188.36,1261.05,200.67,7.82,1,157318.83
5,2024-12-22,1,48.45,3.26,1052.11,4312.64,4527.87,3289.37,1093.81,171.99,9.31,1,283207.12
5,2024-03-03,0,79.89,3.8,517.2,1465.98,804.37,1625.52,3526.07,208.26,7.97,0,454791.01
5,2024-05-12,1,42.91,3.74,4089.39,1148.72,1053.92,3200.89,2898.75,219.72,4.6,1,82382.2
1,2023-12-31,1,54.64,3.02,421.32,3103.2,3449.28,1031.95,1085.15,206.58,3.93,1,442584.57
2,2023-12-24,1,66.13,2.58,2741.32,1734.22,1928.85,4349.56,1258.57,164.06,8.81,1,134964.67
2,2024-06-23,0,70.07,2.93,187.74,4089.76,3527.57,2754.12,398.35,245.8,7.63,0,392768.63
5,2024-05-05,1,76.58,3.8,2321.89,3700.77,4348.1,3843.28,4819.72,178.38,8.97,1,105660.63
2,2023-02-05,1,66.35,2.9,4212.19,3083.75,4466.82,1230.38,2261.22,165.46,6.71,1,83543.17
2,2024-10-27,0,76.57,2.6,3306.46,113.0,4537.17,255.61,1549.7,166.14,3.48,0,385126.2
1,2024-10-20,0,75.24,3.47,753.25,1235.25,2030.55,4418.09,3667.36,182.48,6.15,0,382013.08
3,2023-11-05,1,48.48,3.33,4312.93,1193.49,4207.39,2898.01,4526.58,202.6,4.49,1,142604.23
5,2024-09-29,0,83.55,3.96,3753.12,3417.71,957.27,685.78,3828.47,232.69,4.08,0,102528.45
1,2024-03-03,1,46.66,3.14,2683.69,4581.47,3862.81,4494.05,20.33,158.29,9.59,1,112277.82
1,2023-02-19,1,42.15,3.16,2120.72,3022.07,1451.9,3239.32,4425.76,178.95,3.01,1,106063.47
3,2023-07-23,0,50.63,2.76,4133.27,2259.37,2381.93,3785.39,879.23,163.26,6.1,0,288770.81
1,2023-02-12,0,81.92,3.99,2311.62,731.15,4092.88,1051.62,3312.63,197.72,6.69,0,274867.53
1,2023-01-15,0,55.16,2.85,4210.82,1077.87,1566.95,3734.54,55.93,207.25,5.39,0,441022.14
3,2023-11-05,0,73.7,3.91,3906.55,3104.72,1894.71,2492.51,3677.66,186.19,9.5,0,438340.58
4,2024-03-10,1,80.96,3.27,4573.24,1771.53,4422.19,1654.25,1513.69,213.47,5.72,1,231878.43
3,2024-12-15,1,31.48,3.97,4797.41,4535.39,4852.32,2886.25,4614.78,215.89,7.14,1,269354.93
3,2024-11-24,0,74.61,3.04,1039.29,3033.34,698.86,3745.91,4245.88,206.06,9.64,0,349496.31
4,2024-05-12,0,75.24,2.83,2760.04,4425.72,3441.31,3821.5,4232.9,211.5,8.95,0,431457.08
3,2024-09-29,0,83.6,3.07,4311.25,3965.94,3003.87,4614.97,4845.53,201.69,3.08,0,494051.56
2,2024-07-28,0,30.11,3.54,3195.61,4766.17,2381.72,3598.43,1333.45,156.41,6.79,0,318561.97
2,2024-05-19,0,58.48,2.81,1369.57,3148.89,788.04,3316.11,440.01,192.49,6.12,0,254744.99
1,2023-10-29,0,87.59,3.57,4519.81,2987.63,4605.12,3130.89,3071.01,224.89,4.97,0,337898.98
3,2023-10-22,0,56.19,3.04,1262.02,4003.58,4451.5,2631.55,4034.49,154.04,6.44,0,422747.27
3,2023-11-26,1,95.46,3.77,796.17,1450.42,742.38,2653.33,934.19,193.72,4.46,1,167543.48
5,2024-12-15,0,48.34,2.95,3447.98,761.87,596.38,1533.49,349.82,229.61,8.79,0,162981.37
1,2024-01-14,0,81.2,2.57,4476.85,2914.57,4395.14,4155.06,3086.12,216.35,6.39,0,195703.74
4,2024-09-01,1,40.4,3.81,489.98,4118.54,3404.18,1903.56,2819.9,181.19,5.02,1,468245.8
2,2023-09-17,0,87.71,3.63,2158.51,2458.8,2417.1,4732.49,4530.23,171.83,6.84,0,45868.38
5,2023-09-17,0,41.79,3.96,601.9,627.62,2059.16,2716.01,879.12,167.28,3.34,0,499729.22
4,2023-07-02,0,45.74,3.53,473.86,278.55,2834.48,4324.73,3605.66,179.54,7.78,0,110042.25
1,2024-01-14,1,97.32,3.18,3839.88,3782.96,4889.56,2956.18,726.22,169.83,7.01,1,306300.19
4,2024-05-12,0,54.43,3.5,1130.64,4210.49,4859.05,4069.35,3525.61,235.41,5.09,0,149224.6
5,2024-12-29,1,72.83,3.31,2565.17,3338.52,3101.49,4503.77,4743.44,179.09,8.19,1,439507.87
1,2023-06-25,0,45.5,3.57,3812.35,3249.88,2010.87,4003.41,2171.12,166.72,6.24,0,129913.83
1,2024-03-24,0,73.73,2.88,2663.92,4252.59,4846.32,3519.38,4285.34,192.82,8.88,0,93791.55
5,2023-01-22,1,96.83,3.13,2672.65,4698.74,231.6,698.83,2744.0,193.52,7.63,1,120811.57
4,2023-12-17,1,64.83,3.0,2961.87,2606.12,983.03,408.08,4805.06,192.67,4.8,1,192940.88
3,2023-12-31,0,92.68,3.47,360.77,2520.34,1936.52,3892.35,3133.26,214.54,7.98,0,407356.42
5,2023-02-26,1,40.52,2.73,2521.61,1321.72,2881.29,1219.39,1638.89,151.09,3.39,1,265450.78
1,2024-02-18,1,80.07,3.85,1933.85,1365.24,2748.51,4908.17,3315.33,240.83,8.92,1,312541.84
1,2024-05-26,1,61.87,2.95,1232.14,450.14,3084.09,119.71,81.88,231.9,7.99,1,85871.18
5,2024-12-22,1,59.25,2.89,88.94,2472.07,1935.89,1349.92,4551.49,175.77,6.7,1,79569.6
3,2023-07-02,0,67.96,3.45,2740.05,2036.27,436.07,3131.71,3141.15,191.71,7.44,0,298950.6
4,2024-04-21,0,79.15,3.66,3191.72,2597.24,852.79,3632.87,4917.82,241.11,3.91,0,150420.77
3,2023-12-10,1,77.19,3.42,2812.18,4562.64,3858.2,1625.06,1860.72,196.79,7.32,1,177718.75
1,2023-07-02,0,31.97,3.12,3561.96,2467.54,1513.7,3893.13,4717.77,153.73,7.58,0,199372.37
4,2023-12-03,1,62.92,3.7,1179.61,949.42,1183.68,3306.58,4108.17,214.56,4.03,1,449125.75
3,2023-12-17,1,87.65,3.58,4501.91,1539.11,2734.65,3271.17,2014.78,157.68,4.6,1,220861.19
4,2023-11-26,0,30.29,3.84,1736.9,1772.59,1029.38,844.2,62.31,193.17,7.64,0,465618.11
1,2023-01-29,1,33.71,3.08,1758.2,3967.71,448.46,535.38,4694.3,172.82,6.96,1,365839.23
3,2024-03-24,0,49.91,3.73,2462.63,542.07,4742.34,4083.26,2703.71,152.25,6.19,0,434020.73
3,2023-11-19,1,33.25,2.84,563.78,699.29,704.76,2552.1,2735.08,229.53,9.74,1,431776.25
1,2023-10-15,1,42.84,2.96,1025.36,3256.49,3500.75,4881.76,719.5,241.71,8.52,1,84863.69
3,2024-04-28,0,60.13,3.4,3751.04,4533.76,2117.94,1303.47,2404.64,244.63,6.84,0,239335.64
4,2024-04-28,0,57.78,3.77,3726.07,3663.04,4964.65,3691.9,4878.52,173.34,3.12,0,111372.31
2,2024-06-23,1,74.87,3.96,4125.76,2735.37,2623.61,3260.5,2257.86,235.07,9.72,1,388739.75
5,2023-09-24,0,30.82,2.65,3666.1,4219.56,1384.7,3368.8,3824.43,223.54,4.86,0,424610.74
3,2024-06-23,0,36.45,2.66,1430.23,2395.41,2409.46,362.03,3234.14,208.06,4.15,0,222631.45
3,2023-02-05,0,42.51,3.02,3566.23,195.05,1323.57,4233.5,2706.18,239.71,3.12,0,218644.21
1,2023-06-18,0,52.14,3.4,641.25,2003.56,1241.82,4209.73,2880.65,214.8,9.06,0,486979.8
4,2023-05-14,1,38.28,3.64,1321.98,3021.8,2098.94,853.8,1359.84,230.79,7.96,1,202106.75
4,2024-10-20,1,59.6,2.93,3639.73,3869.61,323.09,2256.96,2794.47,188.82,5.44,1,318900.11
4,2023-04-23,0,38.56,3.82,3762.66,933.62,1356.09,3687.92,4517.45,206.49,8.37,0,219324.06
1,2024-12-15,0,46.52,3.5,3050.12,1028.36,4296.92,823.47,4987.35,207.03,3.91,0,440785.99
5,2024-08-25,0,97.02,3.95,84.95,3664.02,2181.73,3850.86,4835.38,238.88,8.8,0,28608.43
4,2023-09-10,1,47.29,3.14,1566.04,4166.59,1916.65,4682.26,1461.63,194.47,5.55,1,376483.38
2,2024-11-24,1,55.35,3.64,3060.76,2554.45,4000.68,529.94,4917.21,158.66,4.79,1,326521.9
2,2024-10-27,1,74.74,3.85,3685.82,1735.1,4686.12,3239.55,4228.08,245.08,6.12,1,139916.67
3,2024-11-24,0,37.57,3.89,3344.41,4578.49,3308.69,1758.88,3074.07,215.87,6.15,0,274399.14
2,2024-10-27,0,69.97,2.86,4579.19,4018.3,4751.16,1335.55,1302.6,175.01,8.15,0,318456.74
2,2023-03-19,1,71.91,3.01,4724.43,3240.98,894.87,342.57,3130.21,234.77,6.32,1,40913.46
2,2024-08-11,0,80.92,3.32,3470.48,3819.76,3297.05,1343.47,4.61,183.85,7.19,0,33457.14
2,2024-02-18,1,45.23,3.29,4276.03,707.17,3854.51,2843.34,2785.41,160.91,9.61,1,412006.49
1,2024-06-30,1,70.93,3.16,3111.73,4204.36,4864.6,1825.47,3226.41,207.79,7.4,1,342151.65
5,2024-04-21,0,78.22,2.58,4641.36,4201.39,146.18,1043.12,693.5,213.84,3.29,0,210777.21
5,2023-12-03,1,61.25,3.18,3384.52,1782.65,3984.53,3732.25,1315.03,237.41,6.33,1,332291.72
5,2023-01-15,0,87.44,2.87,2679.1,820.41,633.19,4540.31,2511.68,186.09,3.12,0,109423.19
3,2024-03-31,1,83.03,3.82,347.65,686.77,1536.79,2245.56,308.08,249.3,3.46,1,289527.64
4,2023-03-12,0,30.74,2.79,2177.37,1826.11,3473.23,2583.3,4677.43,219.51,9.83,0,287937.37
1,2024-10-13,0,36.47,2.97,4345.91,3889.51,3977.7,2460.12,3858.04,229.49,9.11,0,312006.97
4,2024-10-20,1,72.06,3.97,665.23,366.65,2505.86,4249.89,4083.09,236.0,7.57,1,493256.9
1,2024-05-19,1,32.11,2.58,3715.68,2858.96,2757.35,4643.33,468.11,168.81,9.78,1,132366.62
5,2024-10-20,1,45.51,3.79,2667.14,2418.66,1364.59,378.89,3940.17,243.07,3.18,1,207646.53
3,2023-08-20,0,77.85,2.52,4879.17,3280.7,1829.52,878.74,4692.11,156.34,8.95,0,393726.77
2,2024-02-11,1,99.7,3.27,323.75,805.72,1041.0,4093.83,1151.02,245.8,3.32,1,470918.23
1,2023-04-16,1,94.83,2.59,4812.74,4930.48,3771.66,3498.56,3210.63,150.27,4.1,1,52128.73
2,2023-05-21,0,57.72,3.18,226.74,1489.0,2097.87,2060.04,600.9,249.84,5.38,0,135996.83
2,2023-12-31,1,63.73,3.54,4857.08,1408.97,1052.21,3322.17,4863.81,241.27,6.98,1,245261.69
3,2024-03-24,0,38.22,3.72,310.69,3975.02,4105.49,2999.68,2839.22,183.54,9.1,0,457848.17
4,2024-08-25,1,44.26,3.89,3751.57,549.38,3490.7,3279.59,3420.77,211.68,5.64,1,353812.11
5,2024-06-02,0,74.18,3.18,2871.43,3591.66,964.38,2512.67,2928.98,157.41,6.44,0,51604.12
1,2024-03-10,0,49.24,3.3,107.08,131.51,4958.99,2751.97,1397.13,192.35,3.89,0,439705.83
2,2023-03-05,1,80.98,2.57,4949.26,3151.07,1263.42,1193.79,1254.68,197.35,9.94,1,316603.03
3,2024-06-02,0,30.07,3.74,3728.13,2140.38,1456.61,2325.74,4604.91,233.95,7.24,0,253969.21
5,2024-12-08,0,43.29,3.94,1265.96,2746.38,4350.51,3237.08,727.13,213.47,3.18,0,345160.05
5,2023-06-25,0,48.5,3.86,1099.64,3412.95,415.65,2519.26,1317.4,197.91,9.18,0,324590.28
4,2024-04-07,1,43.46,3.38,4160.62,4986.77,1138.98,800.64,1764.0,240.34,9.73,1,291453.36
4,2024-06-09,1,41.32,3.34,2843.95,4869.69,4794.53,2961.24,1404.57,174.97,7.24,1,110622.28
4,2023-11-05,1,58.04,3.96,4201.65,2202.63,2447.34,1473.44,2076.66,229.78,8.2,1,321770.06
2,2024-07-21,0,79.09,3.69,1111.97,3865.46,4245.99,4228.69,3375.63,212.82,5.9,0,253706.6
2,2024-05-26,1,59.0,2.86,4686.55,2842.63,611.93,1971.23,3989.31,151.32,8.25,1,455009.82
1,2023-10-29,1,51.82,3.2,3668.19,1228.07,829.64,311.39,3715.45,228.26,6.91,1,234011.14
2,2023-08-20,0,48.27,3.56,4038.39,2011.76,947.69,2078.27,3329.85,157.46,6.02,0,27757.24
4,2023-12-31,0,94.86,3.61,2159.28,1367.15,4356.62,3975.38,91.79,201.48,7.3,0,420057.42
4,2024-10-06,1,31.22,3.5,4204.54,3265.02,3463.47,3748.22,3092.97,242.46,3.41,1,257630.75
5,2024-12-08,0,81.61,3.96,3174.74,216.53,30.3,4544.37,244.03,196.1,7.9,0,283056.42
4,2023-07-30,1,80.77,2.69,3901.32,2670.67,1621.03,3482.28,2732.15,227.43,6.71,1,387819.89
4,2024-09-22,1,32.76,2.95,624.48,4305.24,2103.83,3563.22,2441.21,227.76,9.19,1,169704.52
4,2024-12-08,0,58.85,3.48,788.93,504.38,4849.37,3030.97,4161.59,167.98,8.44,0,332894.6
1,2023-07-30,0,56.52,2.76,3712.81,3764.65,1147.41,2779.89,4778.5,153.89,9.07,0,130760.42
5,2024-05-05,1,51.16,3.09,3724.47,2324.8,223.6,575.57,797.96,176.72,5.39,1,324849.53
3,2023-04-30,0,50.07,3.15,4768.58,3631.27,1775.05,4565.64,2735.25,238.11,3.4,0,77027.72
1,2023-11-26,0,36.66,2.53,2225.32,4151.13,4667.32,95.87,2796.94,187.78,7.18,0,382996.86
3,2023-11-05,1,78.49,3.85,4414.84,1448.65,1144.82,2490.95,1541.13,193.31,8.77,1,397090.5
1,2024-10-06,0,49.63,3.54,1584.12,1420.46,2245.91,3350.55,1795.31,170.47,9.8,0,316121.14
4,2024-09-01,0,64.97,3.5,3863.87,4964.21,2989.67,4852.13,1914.42,234.27,9.52,0,192918.44
3,2023-02-26,1,64.82,3.86,1243.52,4477.94,1231.11,776.64,3987.5,200.14,9.0,1,322252.09
4,2023-09-03,0,44.98,2.51,973.85,2599.29,2549.13,4068.22,3683.3,220.9,7.26,0,346743.76
3,2023-04-09,0,87.87,2.8,1131.17,1529.52,425.1,3843.56,3876.39,154.43,9.45,0,139715.58
4,2023-04-02,0,55.05,3.42,845.55,1895.77,3337.35,33.66,2617.26,202.72,8.74,0,223809.82
1,2023-04-30,0,90.43,3.11,3835.36,1095.47,4777.43,2487.59,3057.92,228.43,9.8,0,427968.22
5,2024-08-04,0,66.61,2.95,485.98,123.02,2380.14,3800.74,4992.52,188.91,9.35,0,96581.76
